Community,Name,Address 1,Address 2,Address 3,Address 4,Address 5,Postcode,Type,Parent Organisation Code,Parent Organisation Name,postcode,latitude,longitude,lsoa21cd,msoa21cd,oa21cd,icb_code,local_authority
RNUPA,Marlborough Community CAMHS,The Lavington Centre,Savernake Hospital,,Marlborough,Wiltshire,SN8 3HL,Mental Health Service,QOX,"NHS Bath and North East Somerset, Swindon and Wiltshire Integrated Care Board",SN83HL,-1.704925492,51.41540748,E01031866,E02006636,E00162526,E54000040,E06000054
W5E7X,B&Nes Comm CAMHS,Temple House,Temple Street,Keynsham,Bristol,Avon,BS31 1HA,Mental Health Service,QOX,"NHS Bath and North East Somerset, Swindon and Wiltshire Integrated Care Board",BS311HA,-2.497997258,51.41360425,E01014403,E02002986,E00072745,E54000040,E06000022
F1H9Q,CAMHS Learning Disability,Marlborough House,Okus Road,,Swindon,Wiltshire,SN1 4JS,Mental Health Service,QOX,"NHS Bath and North East Somerset, Swindon and Wiltshire Integrated Care Board",SN14JS,-1.797293719,51.55016124,E01032707,E02003232,E00078559,E54000040,E06000030
P9E6G,Melksham CAMHS,Melksham Hospital,Spa Road,,Melksham,Wiltshire,SN12 7NZ,Mental Health Service,QOX,"NHS Bath and North East Somerset, Swindon and Wiltshire Integrated Care Board",SN127NZ,-2.1315433,51.36713128,E01032069,E02006680,E00163564,E54000040,E06000054
Q2L5K,Salisbury Community CAMHS,Block 132,Salisbury District Hosp,,Salisbury,Wiltshire,SP2 8BJ,Mental Health Service,QOX,"NHS Bath and North East Somerset, Swindon and Wiltshire Integrated Care Board",SP28BJ,-1.789822535,51.04394628,E01032000,E02006672,E00163197,E54000040,E06000054
T7B4M,Swindon Community CAMHS,Marlborough House,Okus Road,,Swindon,Wiltshire,SN1 4JS,Mental Health Service,QOX,"NHS Bath and North East Somerset, Swindon and Wiltshire Integrated Care Board",SN14JS,-1.797293719,51.55016124,E01032707,E02003232,E00078559,E54000040,E06000030
RVNXW,Chippenham Older Adults,Bewley House,Marshfield Road,,Chippenham,Wiltshire,SN15 1JW,Mental Health Service,QOX,"NHS Bath and North East Somerset, Swindon and Wiltshire Integrated Care Board",SN151JW,-2.120242294,51.46155525,E01031910,E02006652,E00162766,E54000040,E06000054
RVNTE,North Somerset Adult (S&W Wansdyke CMHT),The Swallows,Salisbury Road,Paulton,Bristol,Avon,BS39 7SB,Mental Health Service,QOX,"NHS Bath and North East Somerset, Swindon and Wiltshire Integrated Care Board",BS397SB,-2.493295311,51.2986735,E01014439,E02003007,E00072938,E54000040,E06000022
RVNXD,North Wilts Act Team,Lodge 3,Green Lane Hospital,,Devizes,Wiltshire,SN10 5DS,Mental Health Service,QOX,"NHS Bath and North East Somerset, Swindon and Wiltshire Integrated Care Board",SN105DS,-1.981302619,51.33914989,E01031855,E02006638,E00162475,E54000040,E06000054
RN3TC,The Brunel NHS Treatment Centre,Great Western Hospital,Marlborough Road,,Swindon,Wiltshire,SN3 6BB,Health Centre,QOX,"NHS Bath and North East Somerset, Swindon and Wiltshire Integrated Care Board",SN36BB,-1.727200095,51.53852835,E01015547,E02003219,E00078625,E54000040,E06000030
RN338,Malmesbury Primary Care Centre,Priory Way,,,Malmesbury,Wiltshire,SN16 0FB,Health Centre ,QOX,"NHS Bath and North East Somerset, Swindon and Wiltshire Integrated Care Board",SN160FB,-2.094630677,51.57723563,E01031959,E02006648,E00162988,E54000040,E06000054
RN341,Swindon Health Centre,Carfax Street,,,Swindon,Wiltshire,SN1 1ED,Health Centre ,QOX,"NHS Bath and North East Somerset, Swindon and Wiltshire Integrated Care Board",SN11ED,-1.781712754,51.5633147,E01015475,E02003226,E00078275,E54000040,E06000030
RN339,West Swindon Health Centre,West Swindon District Centre,,,Swindon,Wiltshire,SN5 7DL,Health Centre ,QOX,"NHS Bath and North East Somerset, Swindon and Wiltshire Integrated Care Board",SN57DL,-1.829553608,51.55846655,E01015569,E02003233,E00078739,E54000040,E06000030
RN346,Wroughton Health Centre,Barrett Way,Wroughton,,Swindon,Wiltshire,SN4 9LW,Health Centre ,QOX,"NHS Bath and North East Somerset, Swindon and Wiltshire Integrated Care Board",SN49LW,-1.791571378,51.52417502,E01015587,E02003236,E00078820,E54000040,E06000030
RA742,Keynsham Clinic,Park Road,Keynsham,,Bristol,Avon,BS31 1BS,Health Centre ,QOX,"NHS Bath and North East Somerset, Swindon and Wiltshire Integrated Care Board",BS311BS,-2.50230576,51.41312729,E01014403,E02002986,E00072744,E54000040,E06000022
RHM35,Salisbury Healthcare Peripheral Clinic,Odstock Road,,,Salisbury,Wiltshire,SP2 8BJ,Health Centre ,QOX,"NHS Bath and North East Somerset, Swindon and Wiltshire Integrated Care Board",SP28BJ,-1.789822535,51.04394628,E01032000,E02006672,E00163197,E54000040,E06000054
RD1_S001,Calne Family Health Centre,Broken Cross,,,Calne,Wiltshire,SN11 8BN,Health Centre ,QOX,"NHS Bath and North East Somerset, Swindon and Wiltshire Integrated Care Board",SN118BN,-2.001418619,51.43994755,E01031896,E02006657,E00162692,E54000040,E06000054
RD1CH,Child Health Department Sirona,Bath NHS House,Combe Park,,Bath,Avon,BA1 3QE,Health Centre ,QOX,"NHS Bath and North East Somerset, Swindon and Wiltshire Integrated Care Board",BA13QE,-2.392312618,51.38860441,E01014428,E02002992,E00072882,E54000040,E06000022
RVJV0,Chippenham Community Health,Chippenham Museum and Heritage Cent,9-10 Market Place,,Chippenham,Wiltshire,SN15 3HF,Health Centre ,QOX,"NHS Bath and North East Somerset, Swindon and Wiltshire Integrated Care Board",SN153HF,-2.114416971,51.45751491,E01031912,E02006654,E00166435,E54000040,E06000054
RD1J7,Renal Medicine,Combe Park,,,Bath,Avon,BA1 3NG,Health Centre ,QOX,"NHS Bath and North East Somerset, Swindon and Wiltshire Integrated Care Board",BA13NG,-2.391217782,51.39166524,E01014428,E02002992,E00072879,E54000040,E06000022
RVNRD,Assertive Outreach Team,Sandalwood Court,Highworth Road,,Swindon,Wiltshire,SN3 4WF,Mental Health Service,QOX,"NHS Bath and North East Somerset, Swindon and Wiltshire Integrated Care Board",SN34WF,-1.747775418,51.58806292,E01015552,E02003220,E00166503,E54000040,E06000030
RVNNF,Banes Assertive Outreach,B&Nes Act,Royal United Hospital,,Bath,Avon,BA1 3NG,Mental Health Service,QOX,"NHS Bath and North East Somerset, Swindon and Wiltshire Integrated Care Board",BA13NG,-2.391217782,51.39166524,E01014428,E02002992,E00072879,E54000040,E06000022
RVNR1,Swindon Adult Service,Sandalwood Court,Highworth Road,,Swindon,Wiltshire,SN3 4WF,Mental Health Service,QOX,"NHS Bath and North East Somerset, Swindon and Wiltshire Integrated Care Board",SN34WF,-1.747775418,51.58806292,E01015552,E02003220,E00166503,E54000040,E06000030
RNUAL,Swindon Community & Inpatient Child & Adolescent Mental Health,Okus Road,,,Swindon,Wiltshire,SN1 4JS,Mental Health Service,QOX,"NHS Bath and North East Somerset, Swindon and Wiltshire Integrated Care Board",SN14JS,-1.797293719,51.55016124,E01032707,E02003232,E00078559,E54000040,E06000030
RA754,Homeopathy Bath Satellite Clinic,26 Grosvenor Place,,,Bath,Avon,BA1 6BA,Specialist Health Centre ,QOX,"NHS Bath and North East Somerset, Swindon and Wiltshire Integrated Care Board",BA16BA,-2.344459699,51.39477036,E01014467,E02002990,E00073056,E54000040,E06000022
RH5T6,Bath Fertility Centre,Roman Way,Bath Business Park,Peasedown St. John,Bath,Avon,BA2 8SG,Specialist Health Centre ,QOX,"NHS Bath and North East Somerset, Swindon and Wiltshire Integrated Care Board",BA28SG,-2.414415357,51.31222432,E01014442,E02003006,E00072949,E54000040,E06000022
E4W7N,Eldene H.C. Diabetes Clinic,Eldene Centre,,,Swindon,Wiltshire,SN3 3RZ,Specialist Health Centre ,QOX,"NHS Bath and North East Somerset, Swindon and Wiltshire Integrated Care Board",SN33RZ,-1.735758498,51.55453465,E01015491,E02003234,E00078330,E54000040,E06000030
S6P2Y,Fertility Clinic - Off Site,Great Western Hospital,Marlborough Road,,Swindon,Wiltshire,SN3 6BB,Specialist Health Centre ,QOX,"NHS Bath and North East Somerset, Swindon and Wiltshire Integrated Care Board",SN36BB,-1.727200095,51.53852835,E01015547,E02003219,E00078625,E54000040,E06000030
RVNRK,OP Swindon Memory,Victoria Centre,Downs Way,,Swindon,Wiltshire,SN3 6BW,Specialist Health Centre ,QOX,"NHS Bath and North East Somerset, Swindon and Wiltshire Integrated Care Board",SN36BW,-1.725929625,51.53880413,E01015547,E02003219,E00078625,E54000040,E06000030
RN3G2,Swindon Intermediate Care Centre (Gwh),Great Western Hospital,Marlborough Road,,Swindon,Wiltshire,SN3 6BB,Specialist Health Centre ,QOX,"NHS Bath and North East Somerset, Swindon and Wiltshire Integrated Care Board",SN36BB,-1.727200095,51.53852835,E01015547,E02003219,E00078625,E54000040,E06000030
X3C7J,Swindon Radiotherapy Centre,Downs Way,,,Swindon,Wiltshire,SN3 6BW,Specialist Health Centre ,QOX,"NHS Bath and North East Somerset, Swindon and Wiltshire Integrated Care Board",SN36BW,-1.725929625,51.53880413,E01015547,E02003219,E00078625,E54000040,E06000030
RD1J6,Urology Department,Combe Park,,,Bath,Avon,BA1 3NG,Specialist Health Centre ,QOX,"NHS Bath and North East Somerset, Swindon and Wiltshire Integrated Care Board",BA13NG,-2.391217782,51.39166524,E01014428,E02002992,E00072879,E54000040,E06000022
RD1M4,Bath Urgent Treatment Centre,Royal United Hospital,Combe Park,,Bath,Avon,BA1 3NG,Walk-in Centre,QOX,"NHS Bath and North East Somerset, Swindon and Wiltshire Integrated Care Board",BA13NG,-2.391217782,51.39166524,E01014428,E02002992,E00072879,E54000040,E06000022
Y05029,BMI Healthcare Bath Clinic,Claverton Down Road,Combe Down,,Bath,Somerset,BA2 7BR,Walk-in Centre,QOX,"NHS Bath and North East Somerset, Swindon and Wiltshire Integrated Care Board",BA27BR,-2.332036053,51.36427948,E01014388,E02003002,E00072668,E54000040,E06000022
Y05030,BMI Healthcare Ridgeway Hospital,Moormead Road,Wroughton,,Swindon,Wiltshire,SN4 9DD,Walk-in Centre,QOX,"NHS Bath and North East Somerset, Swindon and Wiltshire Integrated Care Board",SN49DD,-1.786160821,51.52532519,E01015585,E02003236,E00177249,E54000040,E06000030
Y04513,Banes Doctors Urgent Care (Bath),C/O Kelston House,"Kelston Park, Kelston",,Bath,Avon,BA1 9AE,Walk-in Centre,QOX,"NHS Bath and North East Somerset, Swindon and Wiltshire Integrated Care Board",BA19AE,-2.428802776,51.39338595,E01014375,E02002994,E00189447,E54000040,E06000022
Y04543,Bduc Julian House Healthcare Service,Julian House,Manvers Street Hostel,,Bath,Avon,BA1 1JW,Walk-in Centre,QOX,"NHS Bath and North East Somerset, Swindon and Wiltshire Integrated Care Board",BA11JW,-2.356710134,51.3787285,E01014371,E02002991,E00072575,E54000040,E06000022
Y03605,Carfax Walk in,Carfax Health Centre,Carfax Street,,Swindon,Wiltshire,SN1 1ED,Walk-in Centre,QOX,"NHS Bath and North East Somerset, Swindon and Wiltshire Integrated Care Board",SN11ED,-1.781712754,51.5633147,E01015475,E02003226,E00078275,E54000040,E06000030
Y05097,Csp at Spa,Spa Medical Centre,Snowberry Lane,,Melksham,Wiltshire,SN12 6UN,Walk-in Centre,QOX,"NHS Bath and North East Somerset, Swindon and Wiltshire Integrated Care Board",SN126UN,-2.126012268,51.36686762,E01032066,E02006680,E00163555,E54000040,E06000054
Y05032,Independent Health Group,Rowcroft House,"Spout Lane, Seend",,Melksham,Wiltshire,SN12 6PE,Walk-in Centre,QOX,"NHS Bath and North East Somerset, Swindon and Wiltshire Integrated Care Board",SN126PE,-2.074277333,51.35252527,E01031876,E02006639,E00162583,E54000040,E06000054
Y05031,Ramsey Health Care UK,Newhall Hospital,Bodenham,,Salisbury,Wiltshire,SP5 4EY,Walk-in Centre,QOX,"NHS Bath and North East Somerset, Swindon and Wiltshire Integrated Care Board",SP54EY,-1.763843217,51.03070518,E01032000,E02006672,E00163203,E54000040,E06000054
RVNE7,CAMHS Service - North,Monks Park House,Southmead Hospital,Southmead Road,Bristol,Avon,BS10 5NB,Mental Health Service,QUY,"NHS Bristol, North Somerset and South Gloucestershire Integrated Care Board",BS105NB,-2.591014291,51.49480706,E01014632,E02003015,E00073899,E54000039,E06000023
RVNPK,Bristol Adult,Woodland View,Brentry Lane,,Bristol,Avon,BS10 6NB,Mental Health Service,QUY,"NHS Bristol, North Somerset and South Gloucestershire Integrated Care Board",BS106NB,-2.613668665,51.5073598,E01014601,E02003012,E00073752,E54000039,E06000023
RA7JJ,CAMHS Brch,Bristol Childrens Hosp,Upper Maudlin Street,,Bristol,Avon,BS2 8BJ,Mental Health Service,QUY,"NHS Bristol, North Somerset and South Gloucestershire Integrated Care Board",BS28BJ,-2.59732884,51.4577476,E01033904,E02006951,E00174312,E54000039,E06000023
RVN39,CAMHS Central Intake Team,Claremont Primary School,Henleaze Park,Westbury-on-Trym,Bristol,Avon,BS9 4LR,Mental Health Service,QUY,"NHS Bristol, North Somerset and South Gloucestershire Integrated Care Board",BS94LR,-2.603835486,51.48507576,E01014615,E02003022,E00073846,E54000039,E06000023
RA727,Hartcliffe Health Centre,Hareclive Road,,,Bristol,Avon,BS13 0JP,Health Centre ,QUY,"NHS Bristol, North Somerset and South Gloucestershire Integrated Care Board",BS130JP,-2.601333498,51.4076255,E01014726,E02003064,E00074393,E54000039,E06000023
RA737,Amelia Nutt Clinic,Queens Road,Bishopsworth,,Bristol,Avon,BS13 8QB,Health Centre ,QUY,"NHS Bristol, North Somerset and South Gloucestershire Integrated Care Board",BS138QB,-2.62136184,51.40768284,E01014597,E02003062,E00073729,E54000039,E06000023
RA7CQ,Central Health Clinic,Tower Hill,,,Bristol,Avon,BS2 0JD,Health Centre ,QUY,"NHS Bristol, North Somerset and South Gloucestershire Integrated Care Board",BS20JD,-2.585527343,51.45443529,E01033907,E02006952,E00174294,E54000039,E06000023
8E399,Kewstoke Day Treatment Centre,Kewstoke,,,Weston-Super-Mare,Avon,BS22 9YU,Health Centre ,QUY,"NHS Bristol, North Somerset and South Gloucestershire Integrated Care Board",BS229YU,-2.944806616,51.39073838,E01014774,E02003078,E00166226,E54000039,E06000024
RA740,Granby House Clinic,St. Johns Road,Bedminster,,Bristol,Avon,BS3 4JJ,Health Centre ,QUY,"NHS Bristol, North Somerset and South Gloucestershire Integrated Care Board",BS34JJ,-2.598877819,51.43973841,E01033361,E02003050,E00174304,E54000039,E06000023
RA732,William Budd Health Centre,2 Knowle West Health Park,Downton Road,Knowle,Bristol,Avon,BS4 1WH,Health Centre ,QUY,"NHS Bristol, North Somerset and South Gloucestershire Integrated Care Board",BS41WH,-2.596288772,51.42874581,E01014579,E02003056,E00073639,E54000039,E06000023
RA743,Knowle Clinic,Broadfield Road,,,Bristol,Avon,BS4 2UH,Health Centre ,QUY,"NHS Bristol, North Somerset and South Gloucestershire Integrated Care Board",BS42UH,-2.566518262,51.42908235,E01014645,E02003053,E00073997,E54000039,E06000023
RA734,Brooklea Health Centre,Wick Road,,,Bristol,Avon,BS4 4HU,Health Centre ,QUY,"NHS Bristol, North Somerset and South Gloucestershire Integrated Care Board",BS44HU,-2.547938188,51.44624585,E01014537,E02003046,E00073394,E54000039,E06000023
RA726,Charlotte Keel Health Centre,Seymour Road,Easton,,Bristol,Avon,BS5 0UA,Health Centre ,QUY,"NHS Bristol, North Somerset and South Gloucestershire Integrated Care Board",BS50UA,-2.571719368,51.46546426,E01014655,E02006888,E00174273,E54000039,E06000023
T1S1L,Community Mint Team (North),Shirehampton Health Centre,Pembroke Road,Shirehampton,Bristol,Avon,BS11 9SB,Mental Health Service,QUY,"NHS Bristol, North Somerset and South Gloucestershire Integrated Care Board",BS119SB,-2.676709725,51.48909264,E01014493,E02003019,E00073202,E54000039,E06000023
RVN_S027,Osprey Court,Unit 2,Hawkfield Business Park,Whitchurch Lane,Bristol,Avon,BS14 0BB,Mental Health Service,QUY,"NHS Bristol, North Somerset and South Gloucestershire Integrated Care Board",BS140BB,-2.592902649,51.41162482,E01032515,E02003064,E00178051,E54000039,E06000023
F2D2B,Community Mint Team (South),Whitchurch Health Centre,Armada Road,,Bristol,Avon,BS14 0SU,Mental Health Service,QUY,"NHS Bristol, North Somerset and South Gloucestershire Integrated Care Board",BS140SU,-2.571860736,51.41343784,E01014611,E02003063,E00073806,E54000039,E06000023
RVNQG,South Glos Adult CMHT,Cedar House,Blackberry Hill Hospital,,Bristol,Avon,BS16 2EW,Mental Health Service,QUY,"NHS Bristol, North Somerset and South Gloucestershire Integrated Care Board",BS162EW,-2.538832644,51.48314467,E01014588,E02003024,E00174323,E54000039,E06000023
RVN5P,Mental Health Team,Ashfield,Shortwood Road,Pucklechurch,Bristol,Avon,BS16 9QJ,Mental Health Service,QUY,"NHS Bristol, North Somerset and South Gloucestershire Integrated Care Board",BS169QJ,-2.438868613,51.48241964,E01014867,E02003108,E00189531,E54000039,E06000025
RVNPE,Bristol Central S & R,Brookland Hall,Conduit Place,,Bristol,Avon,BS2 9RU,Mental Health Service,QUY,"NHS Bristol, North Somerset and South Gloucestershire Integrated Care Board",BS29RU,-2.575505111,51.46658766,E01014486,E02006949,E00073172,E54000039,E06000023
RVN_S029,Brookland Hall (Devon Partnership),Conduit Place,,,Bristol,Avon,BS2 9RU,Mental Health Service,QUY,"NHS Bristol, North Somerset and South Gloucestershire Integrated Care Board",BS29RU,-2.575505111,51.46658766,E01014486,E02006949,E00073172,E54000039,E06000023
RVNTD,North Somerset Adult (Woodspring CMHT),Windmill House,Windmill Road,Kenn,Clevedon,Avon,BS21 6UJ,Mental Health Service,QUY,"NHS Bristol, North Somerset and South Gloucestershire Integrated Care Board",BS216UJ,-2.849507816,51.42194148,E01014858,E02003076,E00075064,E54000039,E06000024
RVNTF,North Somerset CRHT,Long Fox Unit,Weston General Hospital,,Weston-Super-Mare,North Somerset,BS23 4TQ,Mental Health Service,QUY,"NHS Bristol, North Somerset and South Gloucestershire Integrated Care Board",BS234TQ,-2.971398595,51.3223348,E01014803,E02003089,E00074819,E54000039,E06000024
RVNTT,Older Adult CMHT,Coast Resource Centre,"Diamond Batch,Locking Ctl",,Weston-Super-Mare,North Somerset,BS24 7FY,Mental Health Service,QUY,"NHS Bristol, North Somerset and South Gloucestershire Integrated Care Board",BS247FY,-2.911627818,51.35636442,E01032673,E02006845,E00074959,E54000039,E06000024
RVNQV,South Glos Older Adults,Severnview CMHT,Thornbury Hospital,,Bristol,Avon,BS35 1DN,Mental Health Service,QUY,"NHS Bristol, North Somerset and South Gloucestershire Integrated Care Board",BS351DN,-2.51889349,51.61166884,E01014988,E02003090,E00075729,E54000039,E06000025
RVNQF,Yate Adult CMHT,246 Station Road,Yate,,Bristol,Avon,BS37 4AF,Mental Health Service,QUY,"NHS Bristol, North Somerset and South Gloucestershire Integrated Care Board",BS374AF,-2.405206789,51.54002349,E01015018,E02003095,E00075855,E54000039,E06000025
RVNPL,Bristol Adult Central Aot,The Speedwell Centre,Whitefield Road,,Bristol,Avon,BS5 7TJ,Mental Health Service,QUY,"NHS Bristol, North Somerset and South Gloucestershire Integrated Care Board",BS57TJ,-2.534981057,51.46905451,E01014626,E02003032,E00174327,E54000039,E06000023
RVN5T,Awp Mental Health Team Bristol,19 Cambridge Road,Horfield,,Bristol,Avon,BS7 8PS,Mental Health Service,QUY,"NHS Bristol, North Somerset and South Gloucestershire Integrated Care Board",BS78PS,-2.591583293,51.48090319,E01014514,E02003027,E00073274,E54000039,E06000023
RVN5R,Awp Mental Health Team Eastwood Park,Falfield,,,Wotton-Under-Edge,Gloucestershire,GL12 8DB,Mental Health Service,QUY,"NHS Bristol, North Somerset and South Gloucestershire Integrated Care Board",GL128DB,-2.467383415,51.63445358,E01014989,E02003090,E00075710,E54000039,E06000025
RVNHG,Addiction Recovery Agency,Kings Court,King Street,,Bristol,Avon,BS1 4EF,Specialist Health Centre ,QUY,"NHS Bristol, North Somerset and South Gloucestershire Integrated Care Board",BS14EF,-2.594501313,51.45171061,E01033908,E02006952,E00174296,E54000039,E06000023
RA786,Prime Endoscopy Bristol,Unit 2-3 Millennium Promenade,,,Bristol,Avon,BS1 5TY,Specialist Health Centre ,QUY,"NHS Bristol, North Somerset and South Gloucestershire Integrated Care Board",BS15TY,-2.601353221,51.44965253,E01033344,E02006951,E00174284,E54000039,E06000023
10007171,Soundwell Hydrotherapy Pool,Unit 3 Church Road,Soundwell,,Bristol,Avon,BS16 4RH,Specialist Health Centre ,QUY,"NHS Bristol, North Somerset and South Gloucestershire Integrated Care Board",BS164RH,-2.506704019,51.47274983,E01014976,E02003115,E00075650,E54000039,E06000025
RVJ_S041,Avon Breast Screening Service,Central Health Clinic,Tower Hill,,Bristol,Avon,BS2 0JD,Specialist Health Centre ,QUY,"NHS Bristol, North Somerset and South Gloucestershire Integrated Care Board",BS20JD,-2.585527343,51.45443529,E01033907,E02006952,E00174294,E54000039,E06000023
RA7JK,Young People's Drug Care,Bristol Childrens Hosp,Upper Maudlin Street,,Bristol,Avon,BS2 8BJ,Specialist Health Centre ,QUY,"NHS Bristol, North Somerset and South Gloucestershire Integrated Care Board",BS28BJ,-2.59732884,51.4577476,E01033904,E02006951,E00174312,E54000039,E06000023
RVN37,Young Persons Substance Misuse Service,38 Southwell Street,Kingsdown,,Bristol,Avon,BS2 8EJ,Specialist Health Centre ,QUY,"NHS Bristol, North Somerset and South Gloucestershire Integrated Care Board",BS28EJ,-2.599229725,51.46002178,E01033904,E02006951,E00174312,E54000039,E06000023
RD189,Bath Fertility Bristol,Aztec Centre,Aztec West,Almondsbury,Bristol,Avon,BS32 4TD,Specialist Health Centre ,QUY,"NHS Bristol, North Somerset and South Gloucestershire Integrated Care Board",BS324TD,-2.572109468,51.5426279,E01014948,E02007064,E00075523,E54000039,E06000025
RTE58,Bristol Centre for Enablement,Jupitor Road,Patchway,,Bristol,Avon,BS34 5BW,Specialist Health Centre ,QUY,"NHS Bristol, North Somerset and South Gloucestershire Integrated Care Board",BS345BW,-2.591077876,51.52754498,E01014861,E02003094,E00189598,E54000039,E06000025
RVNP3,Bristol Adult Adhd Serv,Callington Road Hospital,Marmalade Lane,Brislington,Bristol,Avon,BS4 5BJ,Specialist Health Centre ,QUY,"NHS Bristol, North Somerset and South Gloucestershire Integrated Care Board",BS45BJ,-2.557554848,51.43126536,E01014534,E02003054,E00073411,E54000039,E06000023
VL6RE,East Bristol Intermediate Care Centre,17 Summerhill Terrace,St George,,Bristol,Avon,BS5 8HX,Specialist Health Centre ,QUY,"NHS Bristol, North Somerset and South Gloucestershire Integrated Care Board",BS58HX,-2.536240842,51.45862748,E01014682,E02003039,E00074184,E54000039,E06000023
RVNPN,Bristol Adult (C H I S),Citywide Home Inter Serv,Colston Fort,,Bristol,Avon,BS6 5UB,Specialist Health Centre ,QUY,"NHS Bristol, North Somerset and South Gloucestershire Integrated Care Board",BS65UB,-2.598283168,51.46138435,E01033904,E02006951,E00073423,E54000039,E06000023
RA7HA,Homoeopathy,Bristol Homoeopathy Hospital,Cotham Hill,,Bristol,Avon,BS6 6JU,Specialist Health Centre ,QUY,"NHS Bristol, North Somerset and South Gloucestershire Integrated Care Board",BS66JU,-2.603777065,51.46212047,E01014538,E02006951,E00073446,E54000039,E06000023
NLW10,Bristol City Gate Walk in Centre,35 Broad Street,,,Bristol,Avon,BS1 2EZ,Walk-in Centre,QUY,"NHS Bristol, North Somerset and South Gloucestershire Integrated Care Board",BS12EZ,-2.594929825,51.45588955,E01033904,E02006951,E00178056,E54000039,E06000023
Y04799,Broadmead Walk-in Centre,Boots The Chemists,59 Broadmead,,Bristol,Avon,BS1 3EA,Walk-in Centre,QUY,"NHS Bristol, North Somerset and South Gloucestershire Integrated Care Board",BS13EA,-2.589480056,51.45739171,E01033907,E02006952,E00174294,E54000039,E06000023
NLW43,South Bristol Walk in Centre,Knowle West Health Park,Downton Road,Knowle West,Bristol,Avon,BS4 1WH,Walk-in Centre,QUY,"NHS Bristol, North Somerset and South Gloucestershire Integrated Care Board",BS41WH,-2.596288772,51.42874581,E01014579,E02003056,E00073639,E54000039,E06000023
RJ8H8,Drug and Alcohol Action Team - Fistral House,Fistral House,8A Truro Business Park,Threemilestone,Truro,Cornwall,TR4 9NH,Specialist Health Centre ,QT6,NHS Cornwall and Isles of Scilly Integrated Care Board,TR49NH,-5.123775445,50.25902938,E01018819,E02003909,E00095009,E54000036,E06000052
RJ8DX,Day Treatment and Therapy Centre,9 Castle Street,,,Truro,Cornwall,TR1 3AF,Health Centre ,QT6,NHS Cornwall and Isles of Scilly Integrated Care Board,TR13AF,-5.055415309,50.26436574,E01034864,E02003910,E00094952,E54000036,E06000052
RJ8EM,The Anchor Day Care Centre,106 Killigrew Street,,,Falmouth,Cornwall,TR11 3PT,Health Centre ,QT6,NHS Cornwall and Isles of Scilly Integrated Care Board,TR113PT,-5.076340155,50.15197736,E01018840,E02003915,E00095114,E54000036,E06000052
RJ8J4,The Neetside Community Centre,Neetside,,,Bude,Cornwall,EX23 8LB,Health Centre ,QT6,NHS Cornwall and Isles of Scilly Integrated Care Board,EX238LB,-4.545161016,50.82811231,E01018936,E02003931,E00095632,E54000036,E06000052
REFWP,Bodmin Contraception Clinic,Bodmin Health Centre,Dennison Road,,Bodmin,Cornwall,PL31 2LP,Specialist Health Centre ,QT6,NHS Cornwall and Isles of Scilly Integrated Care Board,PL312LP,-4.723486072,50.47257675,E01018928,E02003942,E00095594,E54000036,E06000052
REFWQ,Bodmin Share Contraception Clinic,The Chestnuts,83 Fore Street,,Bodmin,Cornwall,PL31 2JB,Specialist Health Centre ,QT6,NHS Cornwall and Isles of Scilly Integrated Care Board,PL312JB,-4.722650981,50.47153489,E01018928,E02003942,E00095594,E54000036,E06000052
REFWR,Bude Contraception Clinic,Stratton Health Centre,Hospital Road,Stratton,Bude,Cornwall,EX23 9BP,Specialist Health Centre ,QT6,NHS Cornwall and Isles of Scilly Integrated Care Board,EX239BP,-4.516124768,50.83005564,E01018960,E02003931,E00095742,E54000036,E06000052
REFWT,Falmouth Contraception Clinic,Outpatients,Falmouth Health Centre,Trevaylor Road,Falmouth,Cornwall,TR11 2JY,Specialist Health Centre ,QT6,NHS Cornwall and Isles of Scilly Integrated Care Board,TR112JY,-5.086833047,50.15663741,E01018860,E02003915,E00095220,E54000036,E06000052
REFWV,Helston Young Persons Contraception Clinic,The Bungalow,49 Church Hill,,Helston,Cornwall,TR13 8TL,Specialist Health Centre ,QT6,NHS Cornwall and Isles of Scilly Integrated Care Board,TR138TL,-5.271672052,50.10794986,E01018883,E02003928,E00095344,E54000036,E06000052
REFWX,Newquay Contraception Clinic,42 St. Thomas Road,Penrithan,,Newquay,Cornwall,TR7 1RS,Specialist Health Centre ,QT6,NHS Cornwall and Isles of Scilly Integrated Care Board,TR71RS,-5.076521304,50.4121829,E01019020,E02003955,E00096105,E54000036,E06000052
REFWY,Penzance Young Person Contraception Clinic,Impact Centre,2A Alverton Street,,Penzance,Cornwall,TR18 2QW,Specialist Health Centre ,QT6,NHS Cornwall and Isles of Scilly Integrated Care Board,TR182QW,-5.538817355,50.11841366,E01018995,E02003949,E00095967,E54000036,E06000052
REFX1,Redruth Health Office,Redruth Health Clinic,Forth Noweth,,Redruth,Cornwall,TR15 1AU,Health Centre ,QT6,NHS Cornwall and Isles of Scilly Integrated Care Board,TR151AU,-5.232413454,50.23435718,E01018911,E02003919,E00095477,E54000036,E06000052
REFX2,St Austell Share Contraception Clinic,1 Biddicks Court,,,St. Austell,Cornwall,PL25 5EW,Specialist Health Centre ,QT6,NHS Cornwall and Isles of Scilly Integrated Care Board,PL255EW,-4.79354947,50.33859603,E01019034,E02003962,E00096176,E54000036,E06000052
REFB6,Bude Mental Health Resource Centre,Day Care Centre,Pathfields,,Bude,Cornwall,EX23 8DW,Mental Health Service,QT6,NHS Cornwall and Isles of Scilly Integrated Care Board,EX238DW,-4.543293547,50.82850384,E01018936,E02003931,E00095632,E54000036,E06000052
REFX6,Cornwall Health for Homeless - Breadline Centre,Bread Street,,,Penzance,Cornwall,TR18 2EQ,Specialist Health Centre ,QT6,NHS Cornwall and Isles of Scilly Integrated Care Board,TR182EQ,-5.536570783,50.11925591,E01018999,E02003949,E00095986,E54000036,E06000052
RJ8E6,Cornwall Health for Homeless - Camborne,Chi Winder,Dudnance Lane,Pool,Redruth,Cornwall,TR15 3QT,Specialist Health Centre ,QT6,NHS Cornwall and Isles of Scilly Integrated Care Board,TR153QT,-5.274834113,50.22281362,E01018897,E02003922,E00095425,E54000036,E06000052
RJ8E5,Cornwall Health for Homeless - Penzance,Breadline Centre,Bread Street,,Penzance,Cornwall,TR18 2EQ,Specialist Health Centre ,QT6,NHS Cornwall and Isles of Scilly Integrated Care Board,TR182EQ,-5.536570783,50.11925591,E01018999,E02003949,E00095986,E54000036,E06000052
RJ8C2,Cornwall Health for Homeless - Truro,8 City Road,,,Truro,Cornwall,TR1 2JJ,Specialist Health Centre ,QT6,NHS Cornwall and Isles of Scilly Integrated Care Board,TR12JJ,-5.056401869,50.26245967,E01034865,E02003910,E00172794,E54000036,E06000052
RJ8AC,Assertive Outreach Team (East),The Old Rectory,Market Street,,Launceston,Cornwall,PL15 8AU,Mental Health Service,QT6,NHS Cornwall and Isles of Scilly Integrated Care Board,PL158AU,-4.359357178,50.63756598,E01018950,E02003935,E00095684,E54000036,E06000052
REFX4,Merlin MS Centre,Bradbury House,Hewas Water,,St. Austell,Cornwall,PL26 7JF,Specialist Health Centre ,QT6,NHS Cornwall and Isles of Scilly Integrated Care Board,PL267JF,-4.856421108,50.31405726,E01019068,E02003964,E00096358,E54000036,E06000052
M0W2M,First Response Service,Regus House,1 Emperor Way,Exeter Business Park,Exeter,Devon,EX1 3QS,Mental Health Service,QJK,NHS Devon Integrated Care Board,EX13QS,-3.471014808,50.72768953,E01020038,E02004159,E00180163,E54000037,E07000041
RWVCJ,CMHT Honiton,Haydon's Court,Marlpits Lane,,Honiton,Devon,EX14 2DE,Mental Health Service,QJK,NHS Devon Integrated Care Board,EX142DE,-3.18657657,50.79492616,E01019934,E02004130,E00100889,E54000037,E07000040
RWVMJ,CMHT Honiton NMP,Haydon's Court,Marlpits Lane,,Honiton,Devon,EX14 2DE,Mental Health Service,QJK,NHS Devon Integrated Care Board,EX142DE,-3.18657657,50.79492616,E01019934,E02004130,E00100889,E54000037,E07000040
RWVEC,Learning Disability Services Mid Devon,Beck's Square,Phoenix Lane,,Tiverton,Devon,EX16 6LB,Specialist Health Centre ,QJK,NHS Devon Integrated Care Board,EX166LB,-3.487426576,50.90160629,E01020052,E02004167,E00101527,E54000037,E07000042
C0W3J,Devon Sexual Health Service - Tiverton,Kennedy Way,,,Tiverton,Devon,EX16 6NT,Specialist Health Centre ,QJK,NHS Devon Integrated Care Board,EX166NT,-3.492966539,50.90940443,E01020048,E02004168,E00101491,E54000037,E07000042
RWVMY,OPMH Mid Devon (NMP),Melrose Unit,Kennedy Way,,Tiverton,Devon,EX16 6NT,Mental Health Service,QJK,NHS Devon Integrated Care Board,EX166NT,-3.492966539,50.90940443,E01020048,E02004168,E00101491,E54000037,E07000042
RWVML,CAMHS Devon Aot (NMP),Oaklands Court,Tiverton Business Park,,Tiverton,Devon,EX16 6TG,Mental Health Service,QJK,NHS Devon Integrated Care Board,EX166TG,-3.467494464,50.91041095,E01020065,E02004167,E00165917,E54000037,E07000042
A1Y5M,OPMH M-Devon Crediton NMP,Crediton Hospital,Western Road,,Crediton,Devon,EX17 3NH,Mental Health Service,QJK,NHS Devon Integrated Care Board,EX173NH,-3.674125878,50.7923725,E01020061,E02004174,E00101571,E54000037,E07000042
RWVFT,CAMHS Liaison,Evergreen Hse,Victoria Park Road,,Exeter,Devon,EX2 4NU,Mental Health Service,QJK,NHS Devon Integrated Care Board,EX24NU,-3.514967132,50.71803434,E01020023,E02004157,E00171919,E54000037,E07000041
RH868,Mardon Neuro-Rehabilitation Centre,Mardon House,Wonford Road,,Exeter,Devon,EX2 4UD,Specialist Health Centre ,QJK,NHS Devon Integrated Care Board,EX24UD,-3.513447267,50.71658817,E01020023,E02004157,E00171919,E54000037,E07000041
RWVCG,City & West CMHT (West),Wonford House,Dryden Road,,Exeter,Devon,EX2 5AF,Mental Health Service,QJK,NHS Devon Integrated Care Board,EX25AF,-3.506297858,50.71539475,E01020013,E02004161,E00101281,E54000037,E07000041
U2S4F,First Response Service (NMP),Wonford House,Dryden Road,,Exeter,Devon,EX2 5AF,Specialist Health Centre ,QJK,NHS Devon Integrated Care Board,EX25AF,-3.506297858,50.71539475,E01020013,E02004161,E00101281,E54000037,E07000041
Q9N6V,Rehab & Recovery East,Dryden Road,,,Exeter,Devon,EX2 5AF,Specialist Health Centre ,QJK,NHS Devon Integrated Care Board,EX25AF,-3.506297858,50.71539475,E01020013,E02004161,E00101281,E54000037,E07000041
RH8C8,Force Cancer Support Centre,Corner House,Barrack Road,,Exeter,Devon,EX2 5DW,Specialist Health Centre ,QJK,NHS Devon Integrated Care Board,EX25DW,-3.506679777,50.71670284,E01020013,E02004161,E00101281,E54000037,E07000041
E5H7L,Renal Medicine,Barrack Road,,,Exeter,Devon,EX2 5DW,Specialist Health Centre ,QJK,NHS Devon Integrated Care Board,EX25DW,-3.506679777,50.71670284,E01020013,E02004161,E00101281,E54000037,E07000041
RWVJL,Perinatal MH Exeter,Jasmine Lodge (GF),Dryden Road,,Exeter,Devon,EX2 5SN,Specialist Health Centre ,QJK,NHS Devon Integrated Care Board,EX25SN,-3.504426514,50.71534698,E01020013,E02004161,E00101281,E54000037,E07000041
RH8D5,North & East Devon Breast Screening Service,Matford Business Centre,Matford Park Road,,Exeter,Devon,EX2 8ED,Specialist Health Centre ,QJK,NHS Devon Integrated Care Board,EX28ED,-3.521232312,50.69715119,E01019970,E02004162,E00101076,E54000037,E07000041
RWV25,Briars Creative Therapy Service,Crabb Lane,,,Exeter,Devon,EX2 9JD,Specialist Health Centre ,QJK,NHS Devon Integrated Care Board,EX29JD,-3.542287179,50.70532818,E01019973,E02004160,E00101081,E54000037,E07000041
RWVJP,Perinatal MH North,Youings Drive,,,Barnstaple,Devon,EX31 1QL,Specialist Health Centre ,QJK,NHS Devon Integrated Care Board,EX311QL,-4.055902078,51.09122727,E01020133,E02004181,E00101954,E54000037,E07000043
RWVDK,Taw CMHT ,Youings Drive,,,Barnstaple,Devon,EX31 1QL,Mental Health Service,QJK,NHS Devon Integrated Care Board,EX311QL,-4.055902078,51.09122727,E01020133,E02004181,E00101954,E54000037,E07000043
RWVFD,CAMHS North Devon,109 Boutport Street,,,Barnstaple,Devon,EX31 1TA,Mental Health Service,QJK,NHS Devon Integrated Care Board,EX311TA,-4.058708572,51.0814291,E01020094,E02004182,E00101754,E54000037,E07000043
RH8G3,Satellite Renal Dialysis Unit,Oakwood Close,Roundswell Business Park,,Barnstaple,Devon,EX31 3NJ,Specialist Health Centre ,QJK,NHS Devon Integrated Care Board,EX313NJ,-4.080438726,51.06518891,E01020122,E02004186,E00180232,E54000037,E07000043
RWVMQ,CAMHS North Devon 1 (NMP),Springfield Court,Fishleigh Road,Roundswell Business Park,Barnstaple,Devon,EX31 3UD,Mental Health Service,QJK,NHS Devon Integrated Care Board,EX313UD,-4.089850144,51.06436443,E01020085,E02004186,E00101703,E54000037,E07000043
E0G2V,Fern Cancer & Wellbeing Centre,The Fern Centre,Raleigh Park,,Barnstaple,Devon,EX31 4JB,Specialist Health Centre ,QJK,NHS Devon Integrated Care Board,EX314JB,-4.050431377,51.09216876,E01020134,E02004181,E00101949,E54000037,E07000043
RWVMM,OPMH Tawside (NMP),North Devon District Hospital,Raleigh Park,,Barnstaple,Devon,EX31 4JB,Mental Health Service,QJK,NHS Devon Integrated Care Board,EX314JB,-4.050431377,51.09216876,E01020134,E02004181,E00101949,E54000037,E07000043
U1T4C,Rehab & Recovery N (NMP),Raleigh Park,,,Barnstaple,Devon,EX31 4JB,Specialist Health Centre ,QJK,NHS Devon Integrated Care Board,EX314JB,-4.050431377,51.09216876,E01020134,E02004181,E00101949,E54000037,E07000043
A2A1G,Rehab & Recovery North,Ocean View,Raleigh Park,,Barnstaple,Devon,EX31 4JB,Specialist Health Centre ,QJK,NHS Devon Integrated Care Board,EX314JB,-4.050431377,51.09216876,E01020134,E02004181,E00101949,E54000037,E07000043
K9U0K,Devon Sexual Health Service - Barnstaple,Vicarage Street,,,Barnstaple,Devon,EX32 7BH,Specialist Health Centre ,QJK,NHS Devon Integrated Care Board,EX327BH,-4.056078432,51.08329206,E01020095,E02004182,E00101764,E54000037,E07000043
RWVDJ,Taw CMHT 1,Ilfracombe Centre,,,Ilfracombe,Devon,EX34 9BQ,Mental Health Service,QJK,NHS Devon Integrated Care Board,EX349BQ,-4.118299082,51.21025444,E01020112,E02004175,E00101843,E54000037,E07000043
RWVKA,Exeter University CMHT,"Reed Hall, Hailey Wing",Streatham Drive,,Exeter,Devon,EX4 4QR,Mental Health Service,QJK,NHS Devon Integrated Care Board,EX44QR,-3.537580148,50.73546401,E01034629,E02004149,E00101132,E54000037,E07000041
S4O4C,Devon Sexual Health Service - Exeter,31d Sidwell Street,,,Exeter,Devon,EX4 6NN,Specialist Health Centre ,QJK,NHS Devon Integrated Care Board,EX46NN,-3.525622095,50.72638502,E01020022,E02004152,E00101334,E54000037,E07000041
5QQAE_01,Oxygen Store Part Sidwell Street Walk In Centre Exeter,31 Sidwell Street,,,Exeter,Devon,EX4 6NN,Walk-in Centre,QJK,NHS Devon Integrated Care Board,EX46NN,-3.525622095,50.72638502,E01020022,E02004152,E00101334,E54000037,E07000041
G3P4C,Exmouth Minor Injuries Unit,Exmouth Hospital,Claremont Grove,,Exmouth,Devon,EX8 2JN,Walk-in Centre,QJK,NHS Devon Integrated Care Board,EX82JN,-3.401608055,50.62054462,E01019912,E02004148,E00100780,E54000037,E07000040
RWVCL,CMHT Exmouth,St Johns Court,St Johns Road,,Exmouth,Devon,EX8 4DD,Mental Health Service,QJK,NHS Devon Integrated Care Board,EX84DD,-3.391975352,50.6313622,E01019904,E02004143,E00100737,E54000037,E07000040
A4D8O,CMHT Exmouth (NMP),St. Johns Court,St. Johns Road,,Exmouth,Devon,EX8 4DD,Mental Health Service,QJK,NHS Devon Integrated Care Board,EX84DD,-3.391975352,50.6313622,E01019904,E02004143,E00100737,E54000037,E07000040
RK9C5,"Upper GI and Bariatric Surgery, Cumberland Centre",Cumberland Centre,Damerel Close,,Plymouth,Devon,PL1 4JZ,Specialist Health Centre ,QJK,NHS Devon Integrated Care Board,PL14JZ,-4.167845365,50.37000443,E01015047,E02003147,E00181186,E54000037,E06000026
RWVJN,Perinatal MH West,The Quay,Plymouth Road,,Tavistock,Devon,PL19 8AB,Specialist Health Centre ,QJK,NHS Devon Integrated Care Board,PL198AB,-4.147350966,50.54780576,E01020334,E02004233,E00103026,E54000037,E07000047
N0Z2L,Hyperbaric Medical Centre,Hyperbaric Medical Centre,8 Research Way,Derriford,Plymouth,Devon,PL6 8BU,Specialist Health Centre ,QJK,NHS Devon Integrated Care Board,PL68BU,-4.110131419,50.4172252,E01015092,E02003126,E00181102,E54000037,E06000026
RWVPH,CMHT Teignbridge NMP,Estuary House,Collett Way,,Newton Abbot,Devon,TQ12 4PH,Mental Health Service,QJK,NHS Devon Integrated Care Board,TQ124PH,-3.591725632,50.53277961,E01020217,E02004214,E00102412,E54000037,E07000045
RH8G4,Devon Referral Support Services (Bridge House-Newton Abbot),Bridge House,Collett Way,,Newton Abbot,Devon,TQ12 4PH,Specialist Health Centre ,QJK,NHS Devon Integrated Care Board,TQ124PH,-3.591725632,50.53277961,E01020217,E02004214,E00102412,E54000037,E07000045
U2Z5V,Rehab & Recovery S&W,Estuary House,Collett Way,,Newton Abbot,Devon,TQ12 4PH,Specialist Health Centre ,QJK,NHS Devon Integrated Care Board,TQ124PH,-3.591725632,50.53277961,E01020217,E02004214,E00102412,E54000037,E07000045
RA9Q6,Sexual Medicine Service,Castle Circus Health Centre,Abbey Road,,Torquay,Devon,TQ2 5YH,Specialist Health Centre ,QJK,NHS Devon Integrated Care Board,TQ25YH,-3.533622594,50.46761841,E01015256,E02003161,E00077116,E54000037,E06000027
RWVJM,Perinatal MH Torbay,Women's Health Unit,Torbay Hospital,Newton Road,Torquay,Devon,TQ2 7AA,Specialist Health Centre ,QJK,NHS Devon Integrated Care Board,TQ27AA,-3.553803862,50.48231611,E01015251,E02003156,E00077072,E54000037,E06000027
R0Q6E,South OPMH Htt,Haytor Building,Torbay Hospital,Newton Road,Torquay,Devon,TQ2 7AA,Mental Health Service,QJK,NHS Devon Integrated Care Board,TQ27AA,-3.553803862,50.48231611,E01015251,E02003156,E00077072,E54000037,E06000027
RWVPE,CAMHS Torbay 1 (NMP),Torbay Hospital Annexe,187 Newton Road,,Torquay,Devon,TQ2 7BA,Mental Health Service,QJK,NHS Devon Integrated Care Board,TQ27BA,-3.555941978,50.4856152,E01015254,E02003156,E00077068,E54000037,E06000027
RWVNH,Baywide CMHT (NMP),Health & Wellbeing Centre,Chadwell Centre,Torquay Road,Paignton,Devon,TQ3 2DW,Mental Health Service,QJK,NHS Devon Integrated Care Board,TQ32DW,-3.554531576,50.4490747,E01015224,E02003164,E00076947,E54000037,E06000027
RA9CW,Chadwell OPMH,Torquay Road,,,Paignton,Devon,TQ3 2DW,Mental Health Service,QJK,NHS Devon Integrated Care Board,TQ32DW,-3.554531576,50.4490747,E01015224,E02003164,E00076947,E54000037,E06000027
RA960,Optima Low Vision Services,Dartside,Ford Road,,Totnes,Devon,TQ9 5LQ,Specialist Health Centre ,QJK,NHS Devon Integrated Care Board,TQ95LQ,-3.680997325,50.4336993,E01020180,E02004191,E00102216,E54000037,E07000044
L5M0S,CAMHS Torbay & S Devon,Lescaze Offices,Dartington,,Totnes,Devon,TQ9 6JD,Mental Health Service,QJK,NHS Devon Integrated Care Board,TQ96JD,-3.71036771,50.44611436,E01020150,E02004194,E00102042,E54000037,E07000044
RTQ9N,Substance Misuse-Nurse,Rikenel,Montpellier,,Gloucester,Gloucestershire,GL1 1LY,Specialist Health Centre ,QR1,NHS Gloucestershire Integrated Care Board,GL11LY,-2.244689887,51.86041929,E01034792,E02004639,E00113603,E54000043,E07000081
RTQ1A,Working Age Adults,Rikenel,Montpellier,,Gloucester,Gloucestershire,GL1 1LY,Mental Health Service,QR1,NHS Gloucestershire Integrated Care Board,GL11LY,-2.244689887,51.86041929,E01034792,E02004639,E00113603,E54000043,E07000081
RTQBU,Heart Failure Service,Southgate Moorings,Kimbrose Way,,Gloucester,Gloucestershire,GL1 2DB,Specialist Health Centre ,QR1,NHS Gloucestershire Integrated Care Board,GL12DB,-2.24929275,51.86299002,E01034792,E02004639,E00186359,E54000043,E07000081
RTQ63,Black Mental Health Team,27 Worcester Street,,,Gloucester,Gloucestershire,GL1 3AJ,Mental Health Service,QR1,NHS Gloucestershire Integrated Care Board,GL13AJ,-2.243000215,51.86752563,E01032937,E02004639,E00186356,E54000043,E07000081
B6S3E,Vascular Department,5 Pullman Court,Great Western Road,,Gloucester,Gloucestershire,GL1 3ND,Specialist Health Centre ,QR1,NHS Gloucestershire Integrated Care Board,GL13ND,-2.235188894,51.86516791,E01022312,E02004637,E00168942,E54000043,E07000081
RTE3J,Elderly Grh,Gloucester Royal Hospital,Great Western Road,,Gloucester,Gloucestershire,GL1 3NN,Specialist Health Centre ,QR1,NHS Gloucestershire Integrated Care Board,GL13NN,-2.232072788,51.86637889,E01022312,E02004637,E00168979,E54000043,E07000081
RTQBW,Sexual Health Service,Hope House,Great Western Road,,Gloucester,Gloucestershire,GL1 3NN,Specialist Health Centre ,QR1,NHS Gloucestershire Integrated Care Board,GL13NN,-2.232072788,51.86637889,E01022312,E02004637,E00168979,E54000043,E07000081
RTQ68,Young Persons Substance Misuse Unit,40b London Road,,,Gloucester,Gloucestershire,GL1 3NU,Specialist Health Centre ,QR1,NHS Gloucestershire Integrated Care Board,GL13NU,-2.237510847,51.86760878,E01022311,E02004637,E00113409,E54000043,E07000081
L4V7Y,Charcot Therapy Centre,71-75 Frampton Road,,,Gloucester,Gloucestershire,GL1 5QB,Specialist Health Centre ,QR1,NHS Gloucestershire Integrated Care Board,GL15QB,-2.253025044,51.85267843,E01022330,E02004644,E00113497,E54000043,E07000081
RTQ05,Westridge Assessment and Treatment Service,Horsemarling Lane,Standish,,Stonehouse,Gloucestershire,GL10 3HA,Mental Health Service,QR1,NHS Gloucestershire Integrated Care Board,GL103HA,-2.267154,51.75749524,E01022376,E02004653,E00113746,E54000043,E07000082
RTE93,Cinderford Dialysis Unit,Forest Vale Industrial Estate,Newtown Road,,Cinderford,Gloucestershire,GL14 3JE,Specialist Health Centre ,QR1,NHS Gloucestershire Integrated Care Board,GL143JE,-2.512553128,51.83683639,E01022240,E02004629,E00113046,E54000043,E07000080
X1I0P,Cotswold Fertility Clinic,St. Pauls Medical Centre,121 Swindon Road,,Cheltenham,Gloucestershire,GL50 4DP,Specialist Health Centre ,QR1,NHS Gloucestershire Integrated Care Board,GL504DP,-2.08149976,51.90670613,E01022152,E02004603,E00112570,E54000043,E07000078
RTQBV,Ashley Intermediate Care Centre,Greville House,279 London Road,Charlton Kings,Cheltenham,Gloucestershire,GL52 6YL,Specialist Health Centre ,QR1,NHS Gloucestershire Integrated Care Board,GL526YL,-2.044947716,51.88347549,E01022111,E02004611,E00112349,E54000043,E07000078
RTE57,Thirlestaine Breast Centre,Cobalt House,Thirlstaine Road,,Cheltenham,Gloucestershire,GL53 7AS,Specialist Health Centre ,QR1,NHS Gloucestershire Integrated Care Board,GL537AS,-2.069871711,51.88847119,E01022118,E02004613,E00112387,E54000043,E07000078
RH5E9,Substance Misuse Team,Glanville House,Church Street,,Bridgwater,Somerset,TA6 5AT,Specialist Health Centre ,QSL,NHS Somerset Integrated Care Board,TA65AT,-2.998106687,51.1311073,E01029095,E02006069,E00148183,E54000038,E06000066
11XCW,Cavalier Way Podiatry Clinic,4 Cavalier Way,,,Yeovil,Somerset,BA21 5UB,Specialist Health Centre ,QSL,NHS Somerset Integrated Care Board,BA215UB,-2.612499721,50.95619296,E01035121,E02006085,E00149010,E54000038,E06000066
O0J8Z,Bridgwater Satellite Dialysis Unit,Salmon Parade,,,Bridgwater,Somerset,TA6 5JT,Specialist Health Centre ,QSL,NHS Somerset Integrated Care Board,TA65JT,-2.997594408,51.12590512,E01029095,E02006069,E00148187,E54000038,E06000066
A5R7N,CAMHS,Wellsprings Road,,,Taunton,Somerset,TA2 7PQ,Mental Health Service,QSL,NHS Somerset Integrated Care Board,TA27PQ,-3.102374129,51.0318561,E01029304,E02006102,E00149302,E54000038,E06000066
A0H7L,CAMHS East,Balidon Centre,Summerlands,Preston Road,Yeovil,Somerset,BA20 2BX,Mental Health Service,QSL,NHS Somerset Integrated Care Board,BA202BX,-2.648115881,50.94654064,E01029246,E02006090,E00148993,E54000038,E06000066
P8H6Q,CAMHS East,Priory Health Park,Glastonbury Road,,Wells,Somerset,BA5 1XL,Mental Health Service,QSL,NHS Somerset Integrated Care Board,BA51XL,-2.655216504,51.2039939,E01029081,E02006054,E00186635,E54000038,E06000066
D9O8E,Confident Orthodontics,Monmouth House,Blackbrook Park Avenue,,Taunton,Somerset,TA1 2PX,Specialist Health Centre ,QSL,NHS Somerset Integrated Care Board,TA12PX,-3.067995669,51.01408247,E01029282,E02006104,E00149169,E54000038,E06000066
T9B5Q,Diagnostic Ophthalmology Centre,Harrison House,Blackbrook Park Avenue,,Taunton,Somerset,TA1 2PX,Specialist Health Centre ,QSL,NHS Somerset Integrated Care Board,TA12PX,-3.067995669,51.01408247,E01029282,E02006104,E00149169,E54000038,E06000066
T7A7O,Enhanced MIU Service,Bridgwater Hospital,Bower Lane,,Bridgwater,Somerset,TA6 4GU,Specialist Health Centre ,QSL,NHS Somerset Integrated Care Board,TA64GU,-2.974124426,51.14056266,E01035115,E02006070,E00186613,E54000038,E06000066
RH5O9,Forensic CAMHS,Foundation House,Wellsprings Road,,Taunton,Somerset,TA2 7PQ,Mental Health Service,QSL,NHS Somerset Integrated Care Board,TA27PQ,-3.102374129,51.0318561,E01029304,E02006102,E00149302,E54000038,E06000066
RH5P8,Home Treatment Team,Foundation House,Wellsprings Road,,Taunton,Somerset,TA2 7PQ,Specialist Health Centre ,QSL,NHS Somerset Integrated Care Board,TA27PQ,-3.102374129,51.0318561,E01029304,E02006102,E00149302,E54000038,E06000066
T8A3G,Home Treatment Team,Holly Court,,,Yeovil,Somerset,BA20 2BX,Specialist Health Centre ,QSL,NHS Somerset Integrated Care Board,BA202BX,-2.648115881,50.94654064,E01029246,E02006090,E00148993,E54000038,E06000066
A0H1H,Mendip Adults Team,Enos Way,,,Frome,Somerset,BA11 2FH,Mental Health Service,QSL,NHS Somerset Integrated Care Board,BA112FH,-2.311568313,51.23731757,E01029034,E02006049,E00147860,E54000038,E06000066
H8L2A,Ndcamhs,Foundation House,Wellsprings Road,,Taunton,Somerset,TA2 7PQ,Mental Health Service,QSL,NHS Somerset Integrated Care Board,TA27PQ,-3.102374129,51.0318561,E01029304,E02006102,E00149302,E54000038,E06000066
RH5H4,Older Persons CMHT (Fp10),Mulberry Centre,Berrow Health Campus,Brent Road,Burnham-on-Sea,Somerset,TA8 2JU,Mental Health Service,QSL,NHS Somerset Integrated Care Board,TA82JU,-2.998443474,51.25923466,E01032633,E02006062,E00148148,E54000038,E06000066
RH5N6,Older Persons CMHT Barnfield Unit,Minehead Community Hospital,Luttrell Way,,Minehead,Somerset,TA24 6DF,Mental Health Service,QSL,NHS Somerset Integrated Care Board,TA246DF,-3.461897606,51.2001111,E01029322,E02006114,E00166047,E54000038,E06000066
A0H3K,Older Persons CMHT Yeovil,Magnolia House,Summerlands,Preston Road,Yeovil,Somerset,BA20 2BX,Mental Health Service,QSL,NHS Somerset Integrated Care Board,BA202BX,-2.648115881,50.94654064,E01029246,E02006090,E00148993,E54000038,E06000066
RH5N8,Older Persons Service (Wells),The Bridge,Glastonbury Road,,Wells,Somerset,BA5 1TJ,Mental Health Service,QSL,NHS Somerset Integrated Care Board,BA51TJ,-2.654723624,51.20355605,E01029081,E02006054,E00186635,E54000038,E06000066
Y5A4Q,Ophthalmology Diagnostic Centre (East),27a,The Quedam Centre,Vicarage Walk,Yeovil,Somerset,BA20 1EX,Specialist Health Centre ,QSL,NHS Somerset Integrated Care Board,BA201EX,-2.62946151,50.94180478,E01035125,E02006089,E00148930,E54000038,E06000066
RH5O8,Perinatal Mental Health Service,Glanville House,Church Street,,Bridgwater,Somerset,TA6 5AT,Specialist Health Centre ,QSL,NHS Somerset Integrated Care Board,TA65AT,-2.998106687,51.1311073,E01029095,E02006069,E00148183,E54000038,E06000066
Q6T7M,Podiatry Service,Bower Lane,,,Bridgwater,Somerset,TA6 4GU,Specialist Health Centre ,QSL,NHS Somerset Integrated Care Board,TA64GU,-2.974124426,51.14056266,E01035115,E02006070,E00186613,E54000038,E06000066
P0M0F,SDAS,3rd Floor,Maltravers House,Petters Way,Yeovil,Somerset,BA20 1SP,Specialist Health Centre ,QSL,NHS Somerset Integrated Care Board,BA201SP,-2.634759352,50.93889852,E01035126,E02006089,E00186640,E54000038,E06000066
I4V8X,Somerset Adult Adhd Service,Glanville House,Church Street,,Bridgwater,Somerset,TA6 5AT,Specialist Health Centre ,QSL,NHS Somerset Integrated Care Board,TA65AT,-2.998106687,51.1311073,E01029095,E02006069,E00148183,E54000038,E06000066
A0H6A,South Somerset Cmhs,Summerlands,Preston Road,,Yeovil,Somerset,BA20 2BX,Mental Health Service,QSL,NHS Somerset Integrated Care Board,BA202BX,-2.648115881,50.94654064,E01029246,E02006090,E00148993,E54000038,E06000066
RH5O6,Step Team (East),Holly Court,Summerlands Hospital Site,Preston Road,Yeovil,Somerset,BA20 2BX,Mental Health Service,QSL,NHS Somerset Integrated Care Board,BA202BX,-2.648115881,50.94654064,E01029246,E02006090,E00148993,E54000038,E06000066
RH5O5,Step Team (West),Foundation House,Wellsprings Road,,Taunton,Somerset,TA2 7PQ,Mental Health Service,QSL,NHS Somerset Integrated Care Board,TA27PQ,-3.102374129,51.0318561,E01029304,E02006102,E00149302,E54000038,E06000066
RH5O3,Urgent Treatment Centre,Bower Lane,,,Bridgwater,Somerset,TA6 4GU,Specialist Health Centre ,QSL,NHS Somerset Integrated Care Board,TA64GU,-2.974124426,51.14056266,E01035115,E02006070,E00186613,E54000038,E06000066
H7Z4C,Vasectomy Clinic,Upper Holway Road,,,Taunton,Somerset,TA1 2QA,Specialist Health Centre ,QSL,NHS Somerset Integrated Care Board,TA12QA,-3.078148329,51.00682214,E01029283,E02006107,E00149172,E54000038,E06000066
RDYGW,Bracken House (Psychological Therapies),Christchurch Road,,,Bournemouth,Dorset,BH1 3JP,Specialist Health Centre ,QVV,NHS Dorset Integrated Care Board,BH13JP,-1.863951907,50.72183938,E01034278,E02003192,E00180414,E54000041,E06000058
RDYGM,Sexual Health Team,Dorset House,20-22 Christchurch Road,,Bournemouth,Dorset,BH1 3NL,Specialist Health Centre ,QVV,NHS Dorset Integrated Care Board,BH13NL,-1.862306629,50.7225209,E01034278,E02003192,E00180442,E54000041,E06000058
RBD51,FH Lipid Disorder Clinic,Boscombe & Springbourne Health Cent,66-68 Palmerston Road,,Bournemouth,Dorset,BH1 4HT,Specialist Health Centre ,QVV,NHS Dorset Integrated Care Board,BH14HT,-1.843370376,50.72974513,E01015281,E02003190,E00077229,E54000041,E06000058
RDYL5,Sexual Health at Bournemouth,66-68 Palmerston Road,,,Bournemouth,Dorset,BH1 4HT,Specialist Health Centre ,QVV,NHS Dorset Integrated Care Board,BH14HT,-1.843370376,50.72974513,E01015281,E02003190,E00077229,E54000041,E06000058
11JAG,Walk in Centre,66-68 Palmerston Road,,,Bournemouth,Dorset,BH1 4HT,Walk-in Centre,QVV,NHS Dorset Integrated Care Board,BH14HT,-1.843370376,50.72974513,E01015281,E02003190,E00077229,E54000041,E06000058
RDYNN,Dermatology Pelhams Park,11 Shelley Road,Boscombe,,Bournemouth,Dorset,BH1 4JQ,Specialist Health Centre ,QVV,NHS Dorset Integrated Care Board,BH14JQ,-1.841473394,50.72926596,E01015281,E02003190,E00077233,E54000041,E06000058
RDYAP,CAMHS Bournemouth,22 Tower Rd,Boscombe,,Bournemouth,Dorset,BH1 4LB,Mental Health Service,QVV,NHS Dorset Integrated Care Board,BH14LB,-1.841952402,50.73007595,E01015281,E02003190,E00077229,E54000041,E06000058
RDYK3,Adult LD Hillcrest,31 Slades Farm Road,,,Bournemouth,Dorset,BH10 4EU,Specialist Health Centre ,QVV,NHS Dorset Integrated Care Board,BH104EU,-1.894489047,50.74948737,E01015357,E02003178,E00077635,E54000041,E06000058
RDYYL,Bournemouth North CMHT,Turbary Park Centre,Turbary Park Avenue,,Bournemouth,Dorset,BH11 8SR,Mental Health Service,QVV,NHS Dorset Integrated Care Board,BH118SR,-1.907097394,50.75305015,E01015355,E02003178,E00077657,E54000041,E06000058
RDY96,Rosefleet District Nursing,268b Herbert Avenue,,,Poole,Dorset,BH12 4HY,Health Centre ,QVV,NHS Dorset Integrated Care Board,BH124HY,-1.94035027,50.74438495,E01015442,E02003201,E00078071,E54000041,E06000058
RDYL7,B & P Comm. Therapy Team,Ringwood Road,,,Poole,Dorset,BH12 4NB,Specialist Health Centre ,QVV,NHS Dorset Integrated Care Board,BH124NB,-1.940981394,50.74970891,E01015379,E02003195,E00077785,E54000041,E06000058
RDYCL,CMHT ,Alderney Community Hospital,Ringwood Road,,Poole,Dorset,BH12 4NB,Mental Health Service,QVV,NHS Dorset Integrated Care Board,BH124NB,-1.940981394,50.74970891,E01015379,E02003195,E00077785,E54000041,E06000058
RDYPA,Intermediate Care Service for Dementia,Alderney Hospital,Ringwood Road,,Poole,Dorset,BH12 4NB,Specialist Health Centre ,QVV,NHS Dorset Integrated Care Board,BH124NB,-1.940981394,50.74970891,E01015379,E02003195,E00077785,E54000041,E06000058
RDYGY,University Integrated Sexual Health Clinic,60 Gillett Road,,,Poole,Dorset,BH12 5BF,Specialist Health Centre ,QVV,NHS Dorset Integrated Care Board,BH125BF,-1.89657693,50.74111709,E01015388,E02003202,E00077808,E54000041,E06000058
A0R2V,Home Treatment Team East,69 Haven Road,,,Poole,Dorset,BH13 7LN,Specialist Health Centre ,QVV,NHS Dorset Integrated Care Board,BH137LN,-1.928117033,50.69916293,E01015406,E02003211,E00077892,E54000041,E06000058
RDYEA,Parkstone Health Centre,Mansfield Road,,,Poole,Dorset,BH14 0DJ,Health Centre ,QVV,NHS Dorset Integrated Care Board,BH140DJ,-1.942495606,50.72848702,E01015454,E02003210,E00078151,E54000041,E06000058
J7Y9T,CAMHS Poole,Poole Community Clinic,Shaftesbury Road,,Poole,Dorset,BH15 2NT,Mental Health Service,QVV,NHS Dorset Integrated Care Board,BH152NT,-1.976389312,50.72189812,E01015465,E02003208,E00078217,E54000041,E06000058
5QN23,Upton Health Centre,,,,Poole,Dorset,BH16 5PW,Health Centre ,QVV,NHS Dorset Integrated Care Board,BH165PW,-2.028701564,50.73883902,E01020472,E02004264,E00103785,E54000041,E06000059
RDYH1,East Dorset CAMHS,Delphwood,Ashdown Close,,Poole,Dorset,BH17 8WG,Mental Health Service,QVV,NHS Dorset Integrated Care Board,BH178WG,-1.966525631,50.74755175,E01015407,E02003198,E00077917,E54000041,E06000058
RDYH5,The Harvey Practice (Podiatry),The Harvey Practice,Kirkway,,Broadstone,Dorset,BH18 8EE,Mental Health Service,QVV,NHS Dorset Integrated Care Board,BH188EE,-1.993525307,50.76101827,E01015399,E02003196,E00077870,E54000041,E06000058
RDYGH,Integrated Sexual Health Clinic,25-27 St. Michaels Road,,,Bournemouth,Dorset,BH2 5DP,Specialist Health Centre ,QVV,NHS Dorset Integrated Care Board,BH25DP,-1.884386704,50.71895675,E01015367,E02006885,E00172757,E54000041,E06000058
RDYJ3,CMHT,Hahnemann House,Hahnemann Road,,Bournemouth,Dorset,BH2 5JW,Specialist Health Centre ,QVV,NHS Dorset Integrated Care Board,BH25JW,-1.886302086,50.71769067,E01015367,E02006885,E00077703,E54000041,E06000058
V1V4I,Homeless Health Service,Hahnemann Road,,,Bournemouth,Dorset,BH2 5JW,Specialist Health Centre ,QVV,NHS Dorset Integrated Care Board,BH25JW,-1.886302086,50.71769067,E01015367,E02006885,E00077703,E54000041,E06000058
RDYCR,West Bournemouth Mental Health Team,Hahnemann House,Hahnemann Road,,Bournemouth,Dorset,BH2 5JW,Mental Health Service,QVV,NHS Dorset Integrated Care Board,BH25JW,-1.886302086,50.71769067,E01015367,E02006885,E00077703,E54000041,E06000058
RDYCW,Purbeck Community Mental Health Team,The Purbeck Centre,Sandford Lane,,Wareham,Dorset,BH20 4DY,Mental Health Service,QVV,NHS Dorset Integrated Care Board,BH204DY,-2.108314111,50.69497974,E01020488,E02004265,E00103856,E54000041,E06000059
RDYAX,CMHT-A Purbeck,19 Bonnets Lane,,,Wareham,Dorset,BH20 4HB,Mental Health Service,QVV,NHS Dorset Integrated Care Board,BH204HB,-2.10945714,50.68728989,E01020485,E02004265,E00103864,E54000041,E06000059
RDYA7,Purbeck Integrated Community Rehab Team,The Bungalow,Wareham Hospital,Streche Road,Wareham,Dorset,BH20 4QQ,Specialist Health Centre ,QVV,NHS Dorset Integrated Care Board,BH204QQ,-2.116746639,50.68698604,E01020486,E02004265,E00103861,E54000041,E06000059
RDYX7,B&P Palliative Care Nip,Palliative Care Team,Victoria Community Hospital,Victoria Road,Wimborne,Dorset,BH21 1ER,Specialist Health Centre ,QVV,NHS Dorset Integrated Care Board,BH211ER,-1.99591805,50.80219537,E01020428,E02004252,E00103521,E54000041,E06000059
RDYYC,CM Bournemouth Central,Bournemouth Locality,Victoria Hospital,Victoria Road,Wimborne,Dorset,BH21 1ER,Mental Health Service,QVV,NHS Dorset Integrated Care Board,BH211ER,-1.99591805,50.80219537,E01020428,E02004252,E00103521,E54000041,E06000059
RDYD1,DN Poole Bay,Poole Locality,Victoria Hospital,Victoria Road,Wimborne,Dorset,BH21 1ER,Health Centre ,QVV,NHS Dorset Integrated Care Board,BH211ER,-1.99591805,50.80219537,E01020428,E02004252,E00103521,E54000041,E06000059
A0T3V,CMHT-A Wimborne,Oakley House,15 Oakley Lane,Merley,Wimborne,Dorset,BH21 1SF,Mental Health Service,QVV,NHS Dorset Integrated Care Board,BH211SF,-1.972016003,50.7870217,E01015432,E02003194,E00078031,E54000041,E06000058
RDYAJ,Ferndown & West Moors Older People Mental Health Team,Oakley Bungalow,15 Oakley Lane,,Wimborne,Dorset,BH21 1SF,Mental Health Service,QVV,NHS Dorset Integrated Care Board,BH211SF,-1.972016003,50.7870217,E01015432,E02003194,E00078031,E54000041,E06000058
RDYAH,Opcmht Wimb & Purbeck,Oakley Bungalow,15 Oakley Lane,,Wimborne,Dorset,BH21 1SF,Mental Health Service,QVV,NHS Dorset Integrated Care Board,BH211SF,-1.972016003,50.7870217,E01015432,E02003194,E00078031,E54000041,E06000058
RDYH7,DN East Dorset,Ferndown Medical Centre,St. Marys Road,,Ferndown,Dorset,BH22 9HB,Health Centre ,QVV,NHS Dorset Integrated Care Board,BH229HB,-1.894499321,50.80178827,E01020392,E02004250,E00103317,E54000041,E06000059
RDYC9,Christchurch CM,Christchurch Local Office,Loring Road,,Christchurch,Dorset,BH23 2GZ,Mental Health Service,QVV,NHS Dorset Integrated Care Board,BH232GZ,-1.792753831,50.74400956,E01020353,E02004237,E00103115,E54000041,E06000058
RDY87,DN Christchurch,Loring Road,,,Christchurch,Dorset,BH23 2GZ,Health Centre ,QVV,NHS Dorset Integrated Care Board,BH232GZ,-1.792753831,50.74400956,E01020353,E02004237,E00103115,E54000041,E06000058
RDYYJ,Parkinson's Disease Service Nip,Christchurch Local Office,Loring Road,,Christchurch,Dorset,BH23 2GZ,Undefined,QVV,NHS Dorset Integrated Care Board,BH232GZ,-1.792753831,50.74400956,E01020353,E02004237,E00103115,E54000041,E06000058
RDY38,CMHT-A Xchurch & Sbourne,Jumpers Road,,,Christchurch,Dorset,BH23 2JT,Mental Health Service,QVV,NHS Dorset Integrated Care Board,BH232JT,-1.792233212,50.74315433,E01020353,E02004237,E00103115,E54000041,E06000058
R0D1B,Rheumatology Xch,Fairmile Road,,,Christchurch,Dorset,BH23 2JX,Specialist Health Centre ,QVV,NHS Dorset Integrated Care Board,BH232JX,-1.790155025,50.74516497,E01020359,E02004237,E00103166,E54000041,E06000058
RDYH6,Barn Surgery (Podiatry),Barn Surgery,1 Purewell Cross Road,,Christchurch,Dorset,BH23 3AF,Specialist Health Centre ,QVV,NHS Dorset Integrated Care Board,BH233AF,-1.759514086,50.7365179,E01020346,E02004240,E00103095,E54000041,E06000058
Z8Y8F,Urgent Community Response,Acorn Building,St. Leonards,,Ringwood,Dorset,BH24 2SP,Specialist Health Centre ,QVV,NHS Dorset Integrated Care Board,BH242SP,-1.858225057,50.8170732,E01020405,E02004246,E00183070,E54000041,E06000059
RDYYK,Adolescent Inpatient Unit,Pebble Lodge,49 Alumhurst Road,,Bournemouth,Dorset,BH4 8EP,Specialist Health Centre ,QVV,NHS Dorset Integrated Care Board,BH48EP,-1.903273576,50.71679768,E01015369,E02006885,E00077691,E54000041,E06000058
RDYDH,Pmhs,Florence House,49 Alumhurst Road,,Bournemouth,Dorset,BH4 8EP,Mental Health Service,QVV,NHS Dorset Integrated Care Board,BH48EP,-1.903273576,50.71679768,E01015369,E02006885,E00077691,E54000041,E06000058
RDYGV,Broadwaters - Care Support Centre,55 Wick Lane,,,Bournemouth,Dorset,BH6 4LA,Health Centre ,QVV,NHS Dorset Integrated Care Board,BH64LA,-1.77977392,50.72834757,E01015298,E02003191,E00077336,E54000041,E06000058
RDYFK,Southbourne Chiropody,17 Beaufort Road,,,Bournemouth,Dorset,BH6 5BF,Specialist Health Centre ,QVV,NHS Dorset Integrated Care Board,BH65BF,-1.814146911,50.72811957,E01015365,E02003189,E00077687,E54000041,E06000058
RDYAE,CMHT,Kings Park Hospital,Gloucester Road,,Bournemouth,Dorset,BH7 6JF,Mental Health Service,QVV,NHS Dorset Integrated Care Board,BH76JF,-1.833360779,50.73159276,E01015314,E02003182,E00077437,E54000041,E06000058
RDYGN,Hub: Bournemouth,"2nd Floor, Main Admin Block",Kings Park Community Hospital,Gloucester Road,Bournemouth,Dorset,BH7 6JF,Health Centre ,QVV,NHS Dorset Integrated Care Board,BH76JF,-1.833360779,50.73159276,E01015314,E02003182,E00077437,E54000041,E06000058
RDYAT,CMHT,Kings Park Community Hospital,Gloucester Road,,Bournemouth,Dorset,BH7 6JF,Mental Health Service,QVV,NHS Dorset Integrated Care Board,BH76JF,-1.833360779,50.73159276,E01015314,E02003182,E00077437,E54000041,E06000058
RDYJX,Early Medical Termination NHS Service,235 Holdenhurst Road,,,Bournemouth,Dorset,BH8 8DD,Specialist Health Centre ,QVV,NHS Dorset Integrated Care Board,BH88DD,-1.856730328,50.73009501,E01015288,E02003192,E00172750,E54000041,E06000058
RDYDY,Eastway Clinic,East Way,,,Bournemouth,Dorset,BH8 9PU,Health Centre ,QVV,NHS Dorset Integrated Care Board,BH89PU,-1.858547718,50.74768684,E01015342,E02003181,E00077542,E54000041,E06000058
5QN04,Winton Health Centre,,,,Bournemouth,Dorset,BH9 1AB,Health Centre ,QVV,NHS Dorset Integrated Care Board,BH91AB,-1.876371552,50.73960469,E01015375,E02003180,E00077732,E54000041,E06000058
RDYEL,Psychology Services,10 Cornwall Road,,,Dorchester,Dorset,DT1 1RT,Mental Health Service,QVV,NHS Dorset Integrated Care Board,DT11RT,-2.441901111,50.71219524,E01032645,E02007006,E00104067,E54000041,E06000059
RDYHL,Contraception & SHS,20 Trinity Street,,,Dorchester,Dorset,DT1 1TU,Specialist Health Centre ,QVV,NHS Dorset Integrated Care Board,DT11TU,-2.437811549,50.71258837,E01032644,E02007006,E00104060,E54000041,E06000059
RDYKX,CMHT-A Dorchester,Maiden Castle Road,,,Dorchester,Dorset,DT1 2ER,Mental Health Service,QVV,NHS Dorset Integrated Care Board,DT12ER,-2.444548273,50.70606111,E01020526,E02007007,E00104088,E54000041,E06000059
RDYNL,Crisis Response Home Treatment Team,30 Maiden Castle Road,,,Dorchester,Dorset,DT1 2ER,Specialist Health Centre ,QVV,NHS Dorset Integrated Care Board,DT12ER,-2.444548273,50.70606111,E01020526,E02007007,E00104088,E54000041,E06000059
RBD31,S/Health D.C.H.,Dorset County Hospital,Williams Avenue,,Dorchester,Dorset,DT1 2JY,Specialist Health Centre ,QVV,NHS Dorset Integrated Care Board,DT12JY,-2.446936212,50.71294042,E01032643,E02007006,E00104064,E54000041,E06000059
A1K0W,CAMHS West Dorset,The Childrens Centre,Damers Road,,Dorchester,Dorset,DT1 2LB,Mental Health Service,QVV,NHS Dorset Integrated Care Board,DT12LB,-2.449189154,50.71155587,E01020527,E02007007,E00104095,E54000041,E06000059
RDYHG,CMHT-A Blandford Milldown,Blandford Community Hospital,Milldown Unit,Milldown Road,Blandford Forum,Dorset,DT11 7DD,Mental Health Service,QVV,NHS Dorset Integrated Care Board,DT117DD,-2.167983973,50.86307027,E01020438,E02004261,E00103573,E54000041,E06000059
RDYJ8,Hub: Blandford Community,Blandford Hospital,Milldown Road,,Blandford Forum,Dorset,DT11 7DD,Health Centre ,QVV,NHS Dorset Integrated Care Board,DT117DD,-2.167983973,50.86307027,E01020438,E02004261,E00103573,E54000041,E06000059
RDYG9,North Dorset CAMHS,Blandford Community Hospital,Betty Highwood Unit,Milldown Road,Blandford Forum,Dorset,DT11 7DD,Mental Health Service,QVV,NHS Dorset Integrated Care Board,DT117DD,-2.167983973,50.86307027,E01020438,E02004261,E00103573,E54000041,E06000059
RDYXN,North Dorset CM HV Nip,Children&Families H Servs,Blandford Hospital,Milldown Road,Blandford Forum,Dorset,DT11 7DD,Specialist Health Centre ,QVV,NHS Dorset Integrated Care Board,DT117DD,-2.167983973,50.86307027,E01020438,E02004261,E00103573,E54000041,E06000059
RDYHC,Adult MH - Forston Unit AE,Forston Clinic,,,Dorchester,Dorset,DT2 9TB,Mental Health Service,QVV,NHS Dorset Integrated Care Board,DT29TB,-2.453341142,50.75432709,E01020509,E02004272,E00166088,E54000041,E06000059
RDYXV,Diabetes Service Nip,Forston Clinic,Herrison Road,,Dorchester,Dorset,DT2 9TB,Specialist Health Centre ,QVV,NHS Dorset Integrated Care Board,DT29TB,-2.453341142,50.75432709,E01020509,E02004272,E00166088,E54000041,E06000059
O7P2J,Intensive Community Support Dementia Service West,Forston Clinic,,,Dorchester,Dorset,DT2 9TB,Specialist Health Centre ,QVV,NHS Dorset Integrated Care Board,DT29TB,-2.453341142,50.75432709,E01020509,E02004272,E00166088,E54000041,E06000059
RDY93,Anticoagulation Service,Littlemoor Health Centre,Louviers Road,,Weymouth,Dorset,DT3 6SA,Specialist Health Centre ,QVV,NHS Dorset Integrated Care Board,DT36SA,-2.454973558,50.64778354,E01020552,E02004281,E00104239,E54000041,E06000059
RDY97,Assertive Outreach West,Mental Health Centre,Radipole Lane,,Weymouth,Dorset,DT4 0QE,Health Centre ,QVV,NHS Dorset Integrated Care Board,DT40QE,-2.479943378,50.61502122,E01020578,E02004285,E00104381,E54000041,E06000059
RDY91,CMHT ,Radipole Lane,,,Weymouth,Dorset,DT4 0QE,Mental Health Service,QVV,NHS Dorset Integrated Care Board,DT40QE,-2.479943378,50.61502122,E01020578,E02004285,E00104381,E54000041,E06000059
RDYJ7,Hub: Weymouth,Westhaven Hospital,Radipole Lane,,Weymouth,Dorset,DT4 0QE,Health Centre ,QVV,NHS Dorset Integrated Care Board,DT40QE,-2.479943378,50.61502122,E01020578,E02004285,E00104381,E54000041,E06000059
RDYHD,Weymouth/Portland CMHT DS,Westhaven CMHT,Radipole Lane,,Weymouth,Dorset,DT4 0QE,Mental Health Service,QVV,NHS Dorset Integrated Care Board,DT40QE,-2.479943378,50.61502122,E01020578,E02004285,E00104381,E54000041,E06000059
RDYXD,Weymth & Portland CM Nip,Team Lead Office,Westhaven Hospital,Radipole Lane,Weymouth,Dorset,DT4 0QE,Undefined,QVV,NHS Dorset Integrated Care Board,DT40QE,-2.479943378,50.61502122,E01020578,E02004285,E00104381,E54000041,E06000059
RDYYP,Weymth & Portland CMHT Nip,Mental Health Centre,Radipole Lane,,Weymouth,Dorset,DT4 0QE,Specialist Health Centre ,QVV,NHS Dorset Integrated Care Board,DT40QE,-2.479943378,50.61502122,E01020578,E02004285,E00104381,E54000041,E06000059
RBD50,Lipidaemia Clinic,179 Dorchester Road,,,Weymouth,Dorset,DT4 7LE,Health centre/clinic,QVV,NHS Dorset Integrated Care Board,DT47LE,-2.457512161,50.62519253,E01020561,E02004282,E00104295,E54000041,E06000059
RDYA5,CAMHS Weymouth & Portland,Chalbury Unit,Weymouth Community Hospital,,Weymouth,Dorset,DT4 7TB,Mental Health Service,QVV,NHS Dorset Integrated Care Board,DT47TB,-2.451011651,50.6210362,E01020556,E02004284,E00104254,E54000041,E06000059
RDYL4,Sexual Health at Weymouth,Weymouth Community Hospital,3 Melcombe Avenue,,Weymouth,Dorset,DT4 7TB,Specialist Health Centre ,QVV,NHS Dorset Integrated Care Board,DT47TB,-2.451011651,50.6210362,E01020556,E02004284,E00104254,E54000041,E06000059
RDYXE,Weymth & Portland MIU Nip,Weymouth Community Hospital,3 Melcombe Avenue,,Weymouth,Dorset,DT4 7TB,Specialist Health Centre ,QVV,NHS Dorset Integrated Care Board,DT47TB,-2.451011651,50.6210362,E01020556,E02004284,E00104254,E54000041,E06000059
U5B5Z,Reach Drug & Alcohol Team,High West Street,,,Weymouth,Dorset,DT4 8JH,Specialist Health Centre ,QVV,NHS Dorset Integrated Care Board,DT48JH,-2.459406871,50.60637195,E01020582,E02004284,E00104405,E54000041,E06000059
RDYHQ,CMHT-A Bridport,Hughes Unit,Bridport Community Hospital,North Allington,Bridport,Dorset,DT6 5DR,Mental Health Service,QVV,NHS Dorset Integrated Care Board,DT65DR,-2.769927983,50.74160489,E01020536,E02004275,E00104144,E54000041,E06000059
RDYL8,Hub: Bridport,Hospital Lane,,,Bridport,Dorset,DT6 5DR,Health Centre ,QVV,NHS Dorset Integrated Care Board,DT65DR,-2.769927983,50.74160489,E01020536,E02004275,E00104144,E54000041,E06000059
RDYHV,CMHT-A Sherborne,Ashley Elm House,Yeatman Hospital,,Sherborne,Dorset,DT9 3JE,General acute hospital,QVV,NHS Dorset Integrated Care Board,DT93JE,-2.519444955,50.94995376,E01034379,E02004269,E00104216,E54000041,E06000059
RDYH2,North Dorset DN Npf,DN Admin Office,Yeatman Hospital,,Sherborne,Dorset,DT9 3JU,Specialist Health Centre ,QVV,NHS Dorset Integrated Care Board,DT93JU,-2.519043874,50.94973073,E01034379,E02004269,E00104216,E54000041,E06000059
RDYLA,Shaftesbury Adult CMHT,1 Abbey Walk,,,Shaftesbury,Dorset,SP7 8BB,Mental Health Service,QVV,NHS Dorset Integrated Care Board,SP78BB,-2.199897759,51.00571052,E01020454,E02004257,E00103672,E54000041,E06000059
RDYF1,Hub: Shaftesbury,Westminster Memorial Hospital,Abbey Walk,,Shaftesbury,Dorset,SP7 8BD,Health Centre ,QVV,NHS Dorset Integrated Care Board,SP78BD,-2.20015004,51.00472094,E01020454,E02004257,E00103672,E54000041,E06000059
RDYHT,CMHT-A Shaftesbury,Abbey View Medical Centre,Salisbury Road,,Shaftesbury,Dorset,SP7 8DH,Mental Health Service,QVV,NHS Dorset Integrated Care Board,SP78DH,-2.1912774,51.00283846,E01020457,E02004257,E00103692,E54000041,E06000059