LSOA21CD,LSOA21NM,IMD_Rank,LAD22NM,Urban_rural_flag,ICB23NM,lsoa21cd,lsoa21nm,msoa21cd,msoa21nm,ladcd,ladnm,total_population,age_0_4,age_5_9,age_10_14,age_15_19,age_20_24,age_25_29,age_30_34,age_35_39,age_40_44,age_45_49,age_50_54,age_55_59,age_60_64,age_65_69,age_70_74,age_75_79,age_80_84,age_85_plus
E01019077,Isles of Scilly 001A,22165.0,Isles of Scilly,Rural,NHS Cornwall and the Isles of Scilly Integrated Care Board,E01019077,Isles of Scilly 001A,E02006781,Isles of Scilly 001,E06000053,Isles of Scilly,2055,96,107,105,43,81,109,107,132,139,106,156,170,124,123,154,127,96,80
E01018881,Cornwall 073A,12647.0,Cornwall,Rural,NHS Cornwall and the Isles of Scilly Integrated Care Board,E01018881,Cornwall 073A,E02003930,Cornwall 073,E06000052,Cornwall,2129,81,82,122,106,72,54,76,127,102,135,143,167,206,178,203,115,80,80
E01018904,Cornwall 073D,15335.0,Cornwall,Rural,NHS Cornwall and the Isles of Scilly Integrated Care Board,E01018904,Cornwall 073D,E02003930,Cornwall 073,E06000052,Cornwall,2300,70,126,158,125,74,69,94,85,132,130,152,150,168,177,209,156,88,137
E01018920,Cornwall 073E,11963.0,Cornwall,Rural,NHS Cornwall and the Isles of Scilly Integrated Care Board,E01018920,Cornwall 073E,E02003930,Cornwall 073,E06000052,Cornwall,2076,63,80,95,93,68,71,82,79,83,103,149,189,206,181,195,161,80,98
E01018903,Cornwall 073C,16214.0,Cornwall,Rural,NHS Cornwall and the Isles of Scilly Integrated Care Board,E01018903,Cornwall 073C,E02003930,Cornwall 073,E06000052,Cornwall,1194,49,58,71,56,63,47,56,67,68,66,77,93,92,103,81,75,37,35
E01018902,Cornwall 073B,13968.0,Cornwall,Rural,NHS Cornwall and the Isles of Scilly Integrated Care Board,E01018902,Cornwall 073B,E02003930,Cornwall 073,E06000052,Cornwall,1208,55,58,59,67,53,54,70,44,57,75,78,123,117,90,96,52,31,29
E01019005,Cornwall 069C,12078.0,Cornwall,Rural,NHS Cornwall and the Isles of Scilly Integrated Care Board,E01019005,Cornwall 069C,E02003950,Cornwall 069,E06000052,Cornwall,2160,98,102,131,129,108,77,69,100,124,136,159,170,182,163,163,124,55,70
E01018907,Cornwall 072E,8622.0,Cornwall,Rural,NHS Cornwall and the Isles of Scilly Integrated Care Board,E01018907,Cornwall 072E,E02003929,Cornwall 072,E06000052,Cornwall,1354,90,70,74,61,65,66,74,60,76,74,91,106,88,99,95,70,56,39
E01018886,Cornwall 071E,22536.0,Cornwall,Urban,NHS Cornwall and the Isles of Scilly Integrated Care Board,E01018886,Cornwall 071E,E02003928,Cornwall 071,E06000052,Cornwall,1731,132,141,129,94,86,138,152,132,113,102,102,94,71,60,76,49,34,26
E01018906,Cornwall 072D,16680.0,Cornwall,Rural,NHS Cornwall and the Isles of Scilly Integrated Care Board,E01018906,Cornwall 072D,E02003929,Cornwall 072,E06000052,Cornwall,1085,26,37,39,57,46,40,32,49,54,74,95,91,78,74,118,76,61,38
E01018887,Cornwall 071F,12829.0,Cornwall,Urban,NHS Cornwall and the Isles of Scilly Integrated Care Board,E01018887,Cornwall 071F,E02003928,Cornwall 071,E06000052,Cornwall,1945,148,174,151,110,109,134,171,133,134,97,129,106,105,74,65,46,26,33
E01019002,Cornwall 070B,10603.0,Cornwall,Rural,NHS Cornwall and the Isles of Scilly Integrated Care Board,E01019002,Cornwall 070B,E02003951,Cornwall 070,E06000052,Cornwall,1203,23,37,58,43,39,36,34,40,58,70,87,107,98,93,145,119,57,59
E01018888,Cornwall 071G,10850.0,Cornwall,Urban,NHS Cornwall and the Isles of Scilly Integrated Care Board,E01018888,Cornwall 071G,E02003928,Cornwall 071,E06000052,Cornwall,2286,165,165,140,125,96,128,180,157,130,124,141,120,126,108,130,107,72,72
E01018885,Cornwall 071D,13958.0,Cornwall,Urban,NHS Cornwall and the Isles of Scilly Integrated Care Board,E01018885,Cornwall 071D,E02003928,Cornwall 071,E06000052,Cornwall,1460,62,92,84,59,82,71,101,77,108,72,85,117,92,81,80,74,62,61
E01019006,Cornwall 065D,11004.0,Cornwall,Rural,NHS Cornwall and the Isles of Scilly Integrated Care Board,E01019006,Cornwall 065D,E02003947,Cornwall 065,E06000052,Cornwall,1522,41,46,54,68,50,38,55,52,56,92,125,150,135,152,173,111,63,61
E01018883,Cornwall 071B,21756.0,Cornwall,Urban,NHS Cornwall and the Isles of Scilly Integrated Care Board,E01018883,Cornwall 071B,E02003928,Cornwall 071,E06000052,Cornwall,1629,72,90,111,81,58,66,84,102,83,95,131,142,120,120,109,80,53,32
E01018882,Cornwall 071A,28617.0,Cornwall,Urban,NHS Cornwall and the Isles of Scilly Integrated Care Board,E01018882,Cornwall 071A,E02003928,Cornwall 071,E06000052,Cornwall,1502,74,64,77,82,70,74,59,76,92,87,121,109,128,117,99,67,52,54
E01019004,Cornwall 070D,3228.0,Cornwall,Urban,NHS Cornwall and the Isles of Scilly Integrated Care Board,E01019004,Cornwall 070D,E02003951,Cornwall 070,E06000052,Cornwall,1468,67,88,86,65,56,92,90,83,64,93,124,111,109,96,91,65,48,40
E01018905,Cornwall 072C,12231.0,Cornwall,Rural,NHS Cornwall and the Isles of Scilly Integrated Care Board,E01018905,Cornwall 072C,E02003929,Cornwall 072,E06000052,Cornwall,1459,72,74,74,61,51,64,78,75,74,75,108,129,134,97,105,88,44,56
E01018884,Cornwall 071C,25473.0,Cornwall,Urban,NHS Cornwall and the Isles of Scilly Integrated Care Board,E01018884,Cornwall 071C,E02003928,Cornwall 071,E06000052,Cornwall,1624,71,101,87,84,67,87,81,94,97,93,145,123,107,88,87,90,67,55
E01018862,Cornwall 072B,11239.0,Cornwall,Rural,NHS Cornwall and the Isles of Scilly Integrated Care Board,E01018862,Cornwall 072B,E02003929,Cornwall 072,E06000052,Cornwall,1448,31,50,69,56,32,37,42,49,60,94,91,136,142,164,173,105,62,55
E01018861,Cornwall 072A,9872.0,Cornwall,Rural,NHS Cornwall and the Isles of Scilly Integrated Care Board,E01018861,Cornwall 072A,E02003929,Cornwall 072,E06000052,Cornwall,1547,79,69,72,50,42,61,107,91,70,80,128,122,116,132,152,87,50,39
E01018879,Cornwall 066A,20297.0,Cornwall,Rural,NHS Cornwall and the Isles of Scilly Integrated Care Board,E01018879,Cornwall 066A,E02003927,Cornwall 066,E06000052,Cornwall,1941,78,68,91,88,50,50,57,84,89,108,116,136,169,206,209,161,86,95
E01019003,Cornwall 070C,18733.0,Cornwall,Urban,NHS Cornwall and the Isles of Scilly Integrated Care Board,E01019003,Cornwall 070C,E02003951,Cornwall 070,E06000052,Cornwall,1708,58,82,69,82,53,55,77,85,67,96,126,146,136,147,164,111,76,78
E01019000,Cornwall 070A,9826.0,Cornwall,Urban,NHS Cornwall and the Isles of Scilly Integrated Care Board,E01019000,Cornwall 070A,E02003951,Cornwall 070,E06000052,Cornwall,1442,46,49,83,54,52,60,35,42,81,90,118,99,111,86,158,137,77,64
E01018880,Cornwall 066B,12414.0,Cornwall,Rural,NHS Cornwall and the Isles of Scilly Integrated Care Board,E01018880,Cornwall 066B,E02003927,Cornwall 066,E06000052,Cornwall,2295,141,132,114,96,66,79,94,112,162,148,136,193,167,181,182,143,82,67
E01019001,Cornwall 068D,7869.0,Cornwall,Urban,NHS Cornwall and the Isles of Scilly Integrated Care Board,E01019001,Cornwall 068D,E02003949,Cornwall 068,E06000052,Cornwall,1512,47,32,35,51,77,73,64,73,63,106,115,149,130,132,128,97,65,75
E01018990,Cornwall 061D,9695.0,Cornwall,Rural,NHS Cornwall and the Isles of Scilly Integrated Care Board,E01018990,Cornwall 061D,E02003946,Cornwall 061,E06000052,Cornwall,1845,48,87,107,72,67,81,63,71,92,104,141,129,169,133,184,147,90,60
E01018975,Cornwall 061A,14544.0,Cornwall,Rural,NHS Cornwall and the Isles of Scilly Integrated Care Board,E01018975,Cornwall 061A,E02003946,Cornwall 061,E06000052,Cornwall,2120,84,109,138,112,81,80,80,103,121,122,153,153,152,145,163,142,79,103
E01018999,Cornwall 068C,3874.0,Cornwall,Urban,NHS Cornwall and the Isles of Scilly Integrated Care Board,E01018999,Cornwall 068C,E02003949,Cornwall 068,E06000052,Cornwall,1592,77,45,64,59,107,110,98,74,78,104,108,121,95,104,131,79,70,68
E01018995,Cornwall 068A,2447.0,Cornwall,Urban,NHS Cornwall and the Isles of Scilly Integrated Care Board,E01018995,Cornwall 068A,E02003949,Cornwall 068,E06000052,Cornwall,2083,102,95,107,89,149,115,100,114,131,98,132,199,127,146,141,95,63,80
E01018994,Cornwall 067C,10153.0,Cornwall,Urban,NHS Cornwall and the Isles of Scilly Integrated Care Board,E01018994,Cornwall 067C,E02003948,Cornwall 067,E06000052,Cornwall,1950,90,89,93,100,100,99,93,76,78,92,196,143,127,128,147,133,75,91
E01018813,Cornwall 064C,20826.0,Cornwall,Urban,NHS Cornwall and the Isles of Scilly Integrated Care Board,E01018813,Cornwall 064C,E02003917,Cornwall 064,E06000052,Cornwall,1648,81,105,101,83,46,60,87,103,110,110,115,135,127,106,113,77,60,29
E01018998,Cornwall 068B,8062.0,Cornwall,Urban,NHS Cornwall and the Isles of Scilly Integrated Care Board,E01018998,Cornwall 068B,E02003949,Cornwall 068,E06000052,Cornwall,1368,74,59,61,91,75,92,93,67,65,98,109,109,98,87,78,35,36,41
E01018976,Cornwall 067A,14563.0,Cornwall,Urban,NHS Cornwall and the Isles of Scilly Integrated Care Board,E01018976,Cornwall 067A,E02003948,Cornwall 067,E06000052,Cornwall,2093,74,78,93,106,75,77,91,94,101,126,144,165,138,166,215,156,110,84
E01018996,Cornwall 067D,4768.0,Cornwall,Urban,NHS Cornwall and the Isles of Scilly Integrated Care Board,E01018996,Cornwall 067D,E02003948,Cornwall 067,E06000052,Cornwall,1502,55,76,76,73,63,89,68,61,85,99,100,121,111,96,116,76,76,61
E01018977,Cornwall 067B,5782.0,Cornwall,Urban,NHS Cornwall and the Isles of Scilly Integrated Care Board,E01018977,Cornwall 067B,E02003948,Cornwall 067,E06000052,Cornwall,1317,67,74,78,65,89,70,68,63,75,84,103,120,89,74,69,63,27,39
E01018993,Cornwall 069B,8018.0,Cornwall,Rural,NHS Cornwall and the Isles of Scilly Integrated Care Board,E01018993,Cornwall 069B,E02003950,Cornwall 069,E06000052,Cornwall,1483,40,64,57,79,56,56,61,69,68,91,98,132,139,161,119,77,46,70
E01018997,Cornwall 067E,884.0,Cornwall,Urban,NHS Cornwall and the Isles of Scilly Integrated Care Board,E01018997,Cornwall 067E,E02003948,Cornwall 067,E06000052,Cornwall,1503,122,113,99,130,84,112,91,101,91,106,108,88,73,54,59,40,16,16
E01018900,Cornwall 066D,15255.0,Cornwall,Urban,NHS Cornwall and the Isles of Scilly Integrated Care Board,E01018900,Cornwall 066D,E02003927,Cornwall 066,E06000052,Cornwall,2031,113,103,111,92,77,148,129,130,118,118,110,148,140,139,150,82,53,70
E01018811,Cornwall 064A,24857.0,Cornwall,Urban,NHS Cornwall and the Isles of Scilly Integrated Care Board,E01018811,Cornwall 064A,E02003917,Cornwall 064,E06000052,Cornwall,1632,103,105,81,61,70,93,117,98,93,110,120,109,95,120,96,71,51,39
E01018805,Cornwall 063C,25327.0,Cornwall,Urban,NHS Cornwall and the Isles of Scilly Integrated Care Board,E01018805,Cornwall 063C,E02003916,Cornwall 063,E06000052,Cornwall,1539,34,55,67,45,131,68,53,56,65,81,90,115,117,130,161,100,80,91
E01018812,Cornwall 064B,13456.0,Cornwall,Urban,NHS Cornwall and the Isles of Scilly Integrated Care Board,E01018812,Cornwall 064B,E02003917,Cornwall 064,E06000052,Cornwall,1783,124,138,118,95,103,119,149,128,108,119,115,90,92,72,72,48,50,43
E01019007,Cornwall 061E,10203.0,Cornwall,Rural,NHS Cornwall and the Isles of Scilly Integrated Care Board,E01019007,Cornwall 061E,E02003946,Cornwall 061,E06000052,Cornwall,2363,113,137,130,108,79,108,123,129,126,134,181,209,183,175,180,118,81,49
E01018803,Cornwall 063A,22542.0,Cornwall,Urban,NHS Cornwall and the Isles of Scilly Integrated Care Board,E01018803,Cornwall 063A,E02003916,Cornwall 063,E06000052,Cornwall,1944,36,30,38,201,331,104,80,55,72,82,85,111,99,107,161,112,100,140
E01018988,Cornwall 065A,11550.0,Cornwall,Rural,NHS Cornwall and the Isles of Scilly Integrated Care Board,E01018988,Cornwall 065A,E02003947,Cornwall 065,E06000052,Cornwall,1636,80,92,79,55,45,62,90,100,74,124,111,130,126,110,138,107,70,43
E01018806,Cornwall 063D,23704.0,Cornwall,Urban,NHS Cornwall and the Isles of Scilly Integrated Care Board,E01018806,Cornwall 063D,E02003916,Cornwall 063,E06000052,Cornwall,1633,59,61,55,95,466,106,95,81,73,61,78,80,88,72,67,41,32,23
E01018814,Cornwall 064D,20394.0,Cornwall,Urban,NHS Cornwall and the Isles of Scilly Integrated Care Board,E01018814,Cornwall 064D,E02003917,Cornwall 064,E06000052,Cornwall,1513,71,93,76,54,94,93,104,97,78,76,118,125,83,108,88,70,44,41
E01018804,Cornwall 063B,17591.0,Cornwall,Urban,NHS Cornwall and the Isles of Scilly Integrated Care Board,E01018804,Cornwall 063B,E02003916,Cornwall 063,E06000052,Cornwall,1956,40,32,43,117,789,176,110,77,72,74,76,58,66,70,59,39,19,39
E01018840,Cornwall 062C,15512.0,Cornwall,Urban,NHS Cornwall and the Isles of Scilly Integrated Care Board,E01018840,Cornwall 062C,E02003915,Cornwall 062,E06000052,Cornwall,1903,41,37,32,215,708,148,108,77,67,55,81,85,66,48,50,33,32,20
E01018859,Cornwall 064E,26096.0,Cornwall,Urban,NHS Cornwall and the Isles of Scilly Integrated Care Board,E01018859,Cornwall 064E,E02003917,Cornwall 064,E06000052,Cornwall,1780,61,75,76,81,187,102,63,85,74,89,107,117,147,132,126,107,79,72
E01018864,Cornwall 059B,13150.0,Cornwall,Rural,NHS Cornwall and the Isles of Scilly Integrated Care Board,E01018864,Cornwall 059B,E02003926,Cornwall 059,E06000052,Cornwall,1757,71,88,80,77,62,89,96,83,90,107,144,161,130,139,132,102,50,56
E01018838,Cornwall 062A,7857.0,Cornwall,Urban,NHS Cornwall and the Isles of Scilly Integrated Care Board,E01018838,Cornwall 062A,E02003915,Cornwall 062,E06000052,Cornwall,1614,79,105,88,96,235,85,84,92,100,97,90,80,107,69,74,54,34,45
E01018899,Cornwall 066C,24202.0,Cornwall,Urban,NHS Cornwall and the Isles of Scilly Integrated Care Board,E01018899,Cornwall 066C,E02003927,Cornwall 066,E06000052,Cornwall,2937,89,94,97,918,465,108,122,91,87,109,115,125,97,112,101,82,55,70
E01018839,Cornwall 062B,16008.0,Cornwall,Urban,NHS Cornwall and the Isles of Scilly Integrated Care Board,E01018839,Cornwall 062B,E02003915,Cornwall 062,E06000052,Cornwall,1173,24,24,21,114,217,80,71,55,39,44,60,74,68,66,85,62,33,36
E01018860,Cornwall 062E,6185.0,Cornwall,Urban,NHS Cornwall and the Isles of Scilly Integrated Care Board,E01018860,Cornwall 062E,E02003915,Cornwall 062,E06000052,Cornwall,1888,87,81,88,122,145,115,119,89,104,112,134,124,132,125,117,92,50,52
E01018841,Cornwall 062D,3527.0,Cornwall,Urban,NHS Cornwall and the Isles of Scilly Integrated Care Board,E01018841,Cornwall 062D,E02003915,Cornwall 062,E06000052,Cornwall,1713,76,113,91,209,169,121,138,88,70,89,97,97,106,87,70,38,22,32
E01018922,Cornwall 059D,11975.0,Cornwall,Rural,NHS Cornwall and the Isles of Scilly Integrated Care Board,E01018922,Cornwall 059D,E02003926,Cornwall 059,E06000052,Cornwall,2583,114,134,142,118,107,129,151,114,147,176,231,240,210,162,179,109,78,42
E01018834,Cornwall 060A,17676.0,Cornwall,Urban,NHS Cornwall and the Isles of Scilly Integrated Care Board,E01018834,Cornwall 060A,E02003914,Cornwall 060,E06000052,Cornwall,1999,92,127,101,116,218,131,111,127,127,111,107,149,109,90,98,87,43,55
E01018836,Cornwall 060C,5896.0,Cornwall,Urban,NHS Cornwall and the Isles of Scilly Integrated Care Board,E01018836,Cornwall 060C,E02003914,Cornwall 060,E06000052,Cornwall,1761,72,75,73,119,377,129,118,89,85,132,102,87,75,80,60,31,30,27
E01018837,Cornwall 060D,15834.0,Cornwall,Urban,NHS Cornwall and the Isles of Scilly Integrated Care Board,E01018837,Cornwall 060D,E02003914,Cornwall 060,E06000052,Cornwall,2555,144,134,126,129,298,213,234,163,131,154,141,143,108,114,126,103,57,37
E01018991,Cornwall 065C,8687.0,Cornwall,Rural,NHS Cornwall and the Isles of Scilly Integrated Care Board,E01018991,Cornwall 065C,E02003947,Cornwall 065,E06000052,Cornwall,1535,56,69,92,60,53,50,79,70,81,99,113,131,129,127,135,98,42,51
E01018989,Cornwall 065B,8170.0,Cornwall,Rural,NHS Cornwall and the Isles of Scilly Integrated Care Board,E01018989,Cornwall 065B,E02003947,Cornwall 065,E06000052,Cornwall,1836,64,105,90,99,64,73,77,78,107,114,137,156,158,120,146,96,79,73
E01018835,Cornwall 060B,18093.0,Cornwall,Urban,NHS Cornwall and the Isles of Scilly Integrated Care Board,E01018835,Cornwall 060B,E02003914,Cornwall 060,E06000052,Cornwall,2166,86,76,75,353,457,142,134,107,79,96,97,101,74,78,74,71,40,26
E01018849,Cornwall 048D,16230.0,Cornwall,Rural,NHS Cornwall and the Isles of Scilly Integrated Care Board,E01018849,Cornwall 048D,E02003912,Cornwall 048,E06000052,Cornwall,1830,40,78,64,71,71,68,72,77,94,99,113,120,155,169,207,134,108,90
E01018863,Cornwall 059A,12071.0,Cornwall,Rural,NHS Cornwall and the Isles of Scilly Integrated Care Board,E01018863,Cornwall 059A,E02003926,Cornwall 059,E06000052,Cornwall,1744,95,93,86,81,77,102,114,93,105,109,123,168,121,120,108,74,41,34
E01018828,Cornwall 056B,16840.0,Cornwall,Rural,NHS Cornwall and the Isles of Scilly Integrated Care Board,E01018828,Cornwall 056B,E02003913,Cornwall 056,E06000052,Cornwall,1487,78,70,51,50,52,54,50,75,89,62,88,118,116,132,151,115,76,60
E01018921,Cornwall 059C,16270.0,Cornwall,Rural,NHS Cornwall and the Isles of Scilly Integrated Care Board,E01018921,Cornwall 059C,E02003926,Cornwall 059,E06000052,Cornwall,2244,97,148,136,108,94,82,150,131,140,131,165,159,172,161,146,107,73,44
E01018979,Cornwall 061B,12662.0,Cornwall,Rural,NHS Cornwall and the Isles of Scilly Integrated Care Board,E01018979,Cornwall 061B,E02003946,Cornwall 061,E06000052,Cornwall,1510,96,86,86,67,48,82,94,81,88,111,122,121,104,101,101,51,34,37
E01018901,Cornwall 066E,20904.0,Cornwall,Rural,NHS Cornwall and the Isles of Scilly Integrated Care Board,E01018901,Cornwall 066E,E02003927,Cornwall 066,E06000052,Cornwall,1538,61,87,85,60,48,69,68,75,87,92,103,109,127,104,132,103,85,43
E01018987,Cornwall 058C,12046.0,Cornwall,Rural,NHS Cornwall and the Isles of Scilly Integrated Care Board,E01018987,Cornwall 058C,E02003945,Cornwall 058,E06000052,Cornwall,2028,56,69,83,89,86,71,76,77,96,113,166,201,203,184,199,133,64,62
E01034869,Cornwall 057G,,Cornwall,Rural,NHS Cornwall and the Isles of Scilly Integrated Care Board,E01034869,Cornwall 057G,E02003944,Cornwall 057,E06000052,Cornwall,1651,67,93,84,143,107,109,83,80,110,97,120,116,98,87,99,74,34,50
E01018983,Cornwall 057D,22261.0,Cornwall,Rural,NHS Cornwall and the Isles of Scilly Integrated Care Board,E01018983,Cornwall 057D,E02003944,Cornwall 057,E06000052,Cornwall,1539,31,46,65,68,55,44,51,66,70,105,100,117,120,128,158,143,77,95
E01018827,Cornwall 056A,22832.0,Cornwall,Rural,NHS Cornwall and the Isles of Scilly Integrated Care Board,E01018827,Cornwall 056A,E02003913,Cornwall 056,E06000052,Cornwall,1514,34,64,79,69,42,68,46,49,72,65,104,113,123,114,156,154,89,73
E01034868,Cornwall 057F,,Cornwall,Rural,NHS Cornwall and the Isles of Scilly Integrated Care Board,E01034868,Cornwall 057F,E02003944,Cornwall 057,E06000052,Cornwall,1461,134,126,107,72,68,132,149,103,98,65,93,80,83,48,44,24,21,14
E01018985,Cornwall 058A,19312.0,Cornwall,Rural,NHS Cornwall and the Isles of Scilly Integrated Care Board,E01018985,Cornwall 058A,E02003945,Cornwall 058,E06000052,Cornwall,2361,98,101,123,120,82,78,102,122,130,151,172,180,172,172,196,168,102,92
E01018978,Cornwall 057A,9266.0,Cornwall,Rural,NHS Cornwall and the Isles of Scilly Integrated Care Board,E01018978,Cornwall 057A,E02003944,Cornwall 057,E06000052,Cornwall,1535,81,89,86,75,52,89,87,89,75,82,95,131,112,96,139,81,41,35
E01018872,Cornwall 055D,9858.0,Cornwall,Urban,NHS Cornwall and the Isles of Scilly Integrated Care Board,E01018872,Cornwall 055D,E02003925,Cornwall 055,E06000052,Cornwall,1266,48,59,70,56,65,62,61,76,57,77,90,99,108,87,107,68,37,39
E01018982,Cornwall 057C,11436.0,Cornwall,Rural,NHS Cornwall and the Isles of Scilly Integrated Care Board,E01018982,Cornwall 057C,E02003944,Cornwall 057,E06000052,Cornwall,2054,78,114,130,102,97,103,125,112,128,133,160,148,139,116,150,100,67,52
E01018981,Cornwall 057B,19705.0,Cornwall,Rural,NHS Cornwall and the Isles of Scilly Integrated Care Board,E01018981,Cornwall 057B,E02003944,Cornwall 057,E06000052,Cornwall,2060,86,91,134,84,60,104,102,111,110,141,137,148,134,142,181,119,105,71
E01018986,Cornwall 058B,18366.0,Cornwall,Rural,NHS Cornwall and the Isles of Scilly Integrated Care Board,E01018986,Cornwall 058B,E02003945,Cornwall 058,E06000052,Cornwall,1508,38,50,56,60,49,47,57,67,59,89,108,125,137,133,164,114,70,85
E01018873,Cornwall 055E,8198.0,Cornwall,Urban,NHS Cornwall and the Isles of Scilly Integrated Care Board,E01018873,Cornwall 055E,E02003925,Cornwall 055,E06000052,Cornwall,1221,58,84,81,79,48,59,70,62,68,84,93,80,95,69,75,45,42,29
E01018877,Cornwall 053D,12369.0,Cornwall,Urban,NHS Cornwall and the Isles of Scilly Integrated Care Board,E01018877,Cornwall 053D,E02003924,Cornwall 053,E06000052,Cornwall,1578,71,62,62,64,54,73,44,71,68,106,96,118,103,115,161,119,93,98
E01018816,Cornwall 047A,22282.0,Cornwall,Rural,NHS Cornwall and the Isles of Scilly Integrated Care Board,E01018816,Cornwall 047A,E02003911,Cornwall 047,E06000052,Cornwall,1588,35,50,72,90,45,34,35,44,64,82,112,139,149,137,160,152,100,88
E01018894,Cornwall 051A,11407.0,Cornwall,Rural,NHS Cornwall and the Isles of Scilly Integrated Care Board,E01018894,Cornwall 051A,E02003922,Cornwall 051,E06000052,Cornwall,1986,87,132,160,101,82,96,134,124,116,131,169,140,124,117,114,81,48,30
E01019011,Cornwall 054D,16773.0,Cornwall,Rural,NHS Cornwall and the Isles of Scilly Integrated Care Board,E01019011,Cornwall 054D,E02003943,Cornwall 054,E06000052,Cornwall,1588,42,71,90,75,66,42,56,65,70,88,101,121,135,149,150,125,73,69
E01018830,Cornwall 056D,22921.0,Cornwall,Rural,NHS Cornwall and the Isles of Scilly Integrated Care Board,E01018830,Cornwall 056D,E02003913,Cornwall 056,E06000052,Cornwall,1601,57,71,79,75,44,33,83,76,97,101,101,109,137,141,144,109,83,61
E01018871,Cornwall 055C,12701.0,Cornwall,Urban,NHS Cornwall and the Isles of Scilly Integrated Care Board,E01018871,Cornwall 055C,E02003925,Cornwall 055,E06000052,Cornwall,1685,63,87,102,78,81,68,79,91,88,99,130,143,125,103,117,101,60,70
E01019009,Cornwall 054B,7770.0,Cornwall,Rural,NHS Cornwall and the Isles of Scilly Integrated Care Board,E01019009,Cornwall 054B,E02003943,Cornwall 054,E06000052,Cornwall,1552,59,98,103,84,93,85,79,84,101,131,116,119,109,108,75,54,38,16
E01018869,Cornwall 055A,6618.0,Cornwall,Urban,NHS Cornwall and the Isles of Scilly Integrated Care Board,E01018869,Cornwall 055A,E02003925,Cornwall 055,E06000052,Cornwall,1782,111,108,116,82,93,108,111,84,84,90,136,135,107,125,137,60,53,42
E01018916,Cornwall 050A,9892.0,Cornwall,Urban,NHS Cornwall and the Isles of Scilly Integrated Care Board,E01018916,Cornwall 050A,E02003921,Cornwall 050,E06000052,Cornwall,1412,75,84,85,74,58,61,85,89,95,94,116,128,95,80,79,57,34,23
E01018870,Cornwall 055B,577.0,Cornwall,Urban,NHS Cornwall and the Isles of Scilly Integrated Care Board,E01018870,Cornwall 055B,E02003925,Cornwall 055,E06000052,Cornwall,1322,101,126,100,95,81,94,93,75,67,75,121,80,58,57,41,26,14,18
E01019008,Cornwall 054A,8317.0,Cornwall,Rural,NHS Cornwall and the Isles of Scilly Integrated Care Board,E01019008,Cornwall 054A,E02003943,Cornwall 054,E06000052,Cornwall,1330,64,76,75,63,77,55,64,72,86,98,99,89,108,82,85,54,47,36
E01018875,Cornwall 053B,1119.0,Cornwall,Urban,NHS Cornwall and the Isles of Scilly Integrated Care Board,E01018875,Cornwall 053B,E02003924,Cornwall 053,E06000052,Cornwall,1321,66,73,65,62,65,77,68,63,64,71,92,104,104,87,74,81,51,54
E01018878,Cornwall 053E,1661.0,Cornwall,Urban,NHS Cornwall and the Isles of Scilly Integrated Care Board,E01018878,Cornwall 053E,E02003924,Cornwall 053,E06000052,Cornwall,1673,91,100,90,77,115,144,108,99,111,98,113,122,76,76,82,50,54,67
E01034867,Cornwall 052F,,Cornwall,Urban,NHS Cornwall and the Isles of Scilly Integrated Care Board,E01034867,Cornwall 052F,E02003923,Cornwall 052,E06000052,Cornwall,1425,163,126,94,74,96,152,214,112,78,82,56,45,40,31,25,21,8,8
E01018868,Cornwall 052D,3199.0,Cornwall,Urban,NHS Cornwall and the Isles of Scilly Integrated Care Board,E01018868,Cornwall 052D,E02003923,Cornwall 052,E06000052,Cornwall,1939,103,88,118,93,107,227,140,100,113,124,152,127,97,78,125,57,60,30
E01018917,Cornwall 050B,17655.0,Cornwall,Urban,NHS Cornwall and the Isles of Scilly Integrated Care Board,E01018917,Cornwall 050B,E02003921,Cornwall 050,E06000052,Cornwall,1436,49,62,88,75,60,66,76,59,65,93,125,110,99,90,125,83,67,44
E01018980,Cornwall 061C,11541.0,Cornwall,Rural,NHS Cornwall and the Isles of Scilly Integrated Care Board,E01018980,Cornwall 061C,E02003946,Cornwall 061,E06000052,Cornwall,1633,72,99,103,109,63,57,85,89,109,130,114,110,97,81,113,81,52,69
E01018850,Cornwall 048E,12331.0,Cornwall,Rural,NHS Cornwall and the Isles of Scilly Integrated Care Board,E01018850,Cornwall 048E,E02003912,Cornwall 048,E06000052,Cornwall,1317,33,45,48,79,36,49,53,59,52,64,101,132,131,126,117,95,52,45
E01018897,Cornwall 051D,5096.0,Cornwall,Urban,NHS Cornwall and the Isles of Scilly Integrated Care Board,E01018897,Cornwall 051D,E02003922,Cornwall 051,E06000052,Cornwall,2388,190,181,118,128,123,190,229,193,135,148,154,179,116,98,85,60,33,28
E01019010,Cornwall 054C,24536.0,Cornwall,Rural,NHS Cornwall and the Isles of Scilly Integrated Care Board,E01019010,Cornwall 054C,E02003943,Cornwall 054,E06000052,Cornwall,1186,36,58,68,64,37,50,50,72,69,80,91,86,88,91,81,75,45,45
E01019012,Cornwall 054E,8554.0,Cornwall,Rural,NHS Cornwall and the Isles of Scilly Integrated Care Board,E01019012,Cornwall 054E,E02003943,Cornwall 054,E06000052,Cornwall,1226,16,26,28,24,27,63,65,49,66,62,91,91,118,120,156,97,67,60
E01034866,Cornwall 052E,,Cornwall,Urban,NHS Cornwall and the Isles of Scilly Integrated Care Board,E01034866,Cornwall 052E,E02003923,Cornwall 052,E06000052,Cornwall,1666,111,100,112,88,91,113,91,95,95,118,119,117,89,81,68,72,49,57
E01018914,Cornwall 049C,12446.0,Cornwall,Urban,NHS Cornwall and the Isles of Scilly Integrated Care Board,E01018914,Cornwall 049C,E02003920,Cornwall 049,E06000052,Cornwall,2179,121,122,126,87,96,112,169,140,117,122,143,158,156,113,148,106,71,72
E01018829,Cornwall 056C,10011.0,Cornwall,Rural,NHS Cornwall and the Isles of Scilly Integrated Care Board,E01018829,Cornwall 056C,E02003913,Cornwall 056,E06000052,Cornwall,1338,51,68,71,70,59,53,71,77,76,68,101,118,112,101,107,73,37,25
E01018874,Cornwall 053A,13046.0,Cornwall,Urban,NHS Cornwall and the Isles of Scilly Integrated Care Board,E01018874,Cornwall 053A,E02003924,Cornwall 053,E06000052,Cornwall,1311,42,63,49,67,43,55,84,58,56,62,83,119,104,95,110,91,64,66
E01018866,Cornwall 052B,11555.0,Cornwall,Urban,NHS Cornwall and the Isles of Scilly Integrated Care Board,E01018866,Cornwall 052B,E02003923,Cornwall 052,E06000052,Cornwall,2211,140,177,116,96,97,135,153,146,120,131,148,153,133,135,136,101,55,39
E01018876,Cornwall 053C,10560.0,Cornwall,Urban,NHS Cornwall and the Isles of Scilly Integrated Care Board,E01018876,Cornwall 053C,E02003924,Cornwall 053,E06000052,Cornwall,1484,66,89,81,72,52,63,90,94,75,85,101,118,135,92,114,72,50,35
E01018818,Cornwall 047C,21470.0,Cornwall,Rural,NHS Cornwall and the Isles of Scilly Integrated Care Board,E01018818,Cornwall 047C,E02003911,Cornwall 047,E06000052,Cornwall,1796,65,103,79,74,47,62,60,108,93,99,101,128,117,129,171,138,120,102
E01018919,Cornwall 050D,12928.0,Cornwall,Rural,NHS Cornwall and the Isles of Scilly Integrated Care Board,E01018919,Cornwall 050D,E02003921,Cornwall 050,E06000052,Cornwall,1531,73,81,90,75,43,71,109,94,83,103,105,117,108,105,123,79,45,27
E01018865,Cornwall 052A,4895.0,Cornwall,Urban,NHS Cornwall and the Isles of Scilly Integrated Care Board,E01018865,Cornwall 052A,E02003923,Cornwall 052,E06000052,Cornwall,2292,164,156,134,95,140,189,175,160,131,152,139,129,128,106,129,97,45,23
E01018915,Cornwall 049D,19202.0,Cornwall,Urban,NHS Cornwall and the Isles of Scilly Integrated Care Board,E01018915,Cornwall 049D,E02003920,Cornwall 049,E06000052,Cornwall,2209,116,155,126,86,100,119,174,153,182,118,148,141,122,120,127,93,68,61
E01018895,Cornwall 051B,9883.0,Cornwall,Urban,NHS Cornwall and the Isles of Scilly Integrated Care Board,E01018895,Cornwall 051B,E02003922,Cornwall 051,E06000052,Cornwall,1965,89,136,123,94,87,91,126,129,158,125,157,129,122,103,142,78,40,36
E01018913,Cornwall 049B,11341.0,Cornwall,Urban,NHS Cornwall and the Isles of Scilly Integrated Care Board,E01018913,Cornwall 049B,E02003920,Cornwall 049,E06000052,Cornwall,1904,97,92,125,98,110,122,124,138,127,151,168,138,93,87,93,71,25,45
E01018898,Cornwall 051E,2134.0,Cornwall,Urban,NHS Cornwall and the Isles of Scilly Integrated Care Board,E01018898,Cornwall 051E,E02003922,Cornwall 051,E06000052,Cornwall,1284,85,96,89,58,75,77,87,76,83,60,111,90,105,46,58,44,28,16
E01018817,Cornwall 047B,17306.0,Cornwall,Rural,NHS Cornwall and the Isles of Scilly Integrated Care Board,E01018817,Cornwall 047B,E02003911,Cornwall 047,E06000052,Cornwall,2086,63,106,116,90,79,63,65,101,121,129,166,177,176,156,174,134,87,83
E01018911,Cornwall 046D,5314.0,Cornwall,Urban,NHS Cornwall and the Isles of Scilly Integrated Care Board,E01018911,Cornwall 046D,E02003919,Cornwall 046,E06000052,Cornwall,1753,101,69,66,57,109,132,137,98,103,112,126,132,119,98,110,64,61,59
E01019039,Cornwall 041B,17615.0,Cornwall,Rural,NHS Cornwall and the Isles of Scilly Integrated Care Board,E01019039,Cornwall 041B,E02003964,Cornwall 041,E06000052,Cornwall,1318,30,41,75,67,41,36,35,35,64,74,97,117,105,118,155,104,61,63
E01018896,Cornwall 051C,13283.0,Cornwall,Urban,NHS Cornwall and the Isles of Scilly Integrated Care Board,E01018896,Cornwall 051C,E02003922,Cornwall 051,E06000052,Cornwall,1416,55,62,62,60,39,63,67,67,69,69,128,123,111,114,101,103,80,43
E01018909,Cornwall 046B,11654.0,Cornwall,Urban,NHS Cornwall and the Isles of Scilly Integrated Care Board,E01018909,Cornwall 046B,E02003919,Cornwall 046,E06000052,Cornwall,1691,82,98,106,58,85,94,117,117,105,99,130,145,102,83,103,65,50,52
E01018918,Cornwall 050C,11152.0,Cornwall,Rural,NHS Cornwall and the Isles of Scilly Integrated Care Board,E01018918,Cornwall 050C,E02003921,Cornwall 050,E06000052,Cornwall,1913,75,80,107,92,63,119,94,117,98,128,138,152,137,124,146,103,75,65
E01018912,Cornwall 049A,18098.0,Cornwall,Urban,NHS Cornwall and the Isles of Scilly Integrated Care Board,E01018912,Cornwall 049A,E02003920,Cornwall 049,E06000052,Cornwall,1966,139,118,103,90,78,125,145,138,126,108,140,147,98,87,110,100,62,52
E01018910,Cornwall 046C,1072.0,Cornwall,Urban,NHS Cornwall and the Isles of Scilly Integrated Care Board,E01018910,Cornwall 046C,E02003919,Cornwall 046,E06000052,Cornwall,2075,164,168,161,119,112,136,158,146,140,118,137,118,112,75,75,54,43,39
E01018890,Cornwall 045B,13717.0,Cornwall,Urban,NHS Cornwall and the Isles of Scilly Integrated Care Board,E01018890,Cornwall 045B,E02003918,Cornwall 045,E06000052,Cornwall,1662,97,93,98,49,64,99,101,90,77,101,98,123,129,118,109,97,59,60
E01018891,Cornwall 045C,10543.0,Cornwall,Urban,NHS Cornwall and the Isles of Scilly Integrated Care Board,E01018891,Cornwall 045C,E02003918,Cornwall 045,E06000052,Cornwall,1297,77,44,51,43,69,75,72,72,61,81,83,105,99,121,96,76,45,27
E01018889,Cornwall 045A,22281.0,Cornwall,Urban,NHS Cornwall and the Isles of Scilly Integrated Care Board,E01018889,Cornwall 045A,E02003918,Cornwall 045,E06000052,Cornwall,1265,47,55,74,72,56,48,73,65,70,87,86,117,97,92,85,67,30,44
E01018908,Cornwall 046A,12494.0,Cornwall,Urban,NHS Cornwall and the Isles of Scilly Integrated Care Board,E01018908,Cornwall 046A,E02003919,Cornwall 046,E06000052,Cornwall,1851,83,102,92,75,88,107,103,98,105,100,162,167,134,103,129,105,56,42
E01018807,Cornwall 044A,18766.0,Cornwall,Urban,NHS Cornwall and the Isles of Scilly Integrated Care Board,E01018807,Cornwall 044A,E02003910,Cornwall 044,E06000052,Cornwall,1947,126,97,137,126,81,156,158,135,118,105,115,114,101,78,96,80,66,58
E01018893,Cornwall 045E,6949.0,Cornwall,Urban,NHS Cornwall and the Isles of Scilly Integrated Care Board,E01018893,Cornwall 045E,E02003918,Cornwall 045,E06000052,Cornwall,1333,62,66,51,65,45,61,65,77,56,85,106,90,122,101,87,81,60,53
E01018854,Cornwall 042D,5833.0,Cornwall,Urban,NHS Cornwall and the Isles of Scilly Integrated Care Board,E01018854,Cornwall 042D,E02003908,Cornwall 042,E06000052,Cornwall,1416,66,83,86,123,74,96,89,79,83,94,94,106,83,70,66,60,39,25
E01019038,Cornwall 041A,10956.0,Cornwall,Rural,NHS Cornwall and the Isles of Scilly Integrated Care Board,E01019038,Cornwall 041A,E02003964,Cornwall 041,E06000052,Cornwall,1046,20,35,36,32,33,30,28,49,50,45,83,121,90,96,96,91,66,45
E01018808,Cornwall 044B,19436.0,Cornwall,Urban,NHS Cornwall and the Isles of Scilly Integrated Care Board,E01018808,Cornwall 044B,E02003910,Cornwall 044,E06000052,Cornwall,1524,79,82,96,98,74,71,69,70,123,117,116,122,79,91,71,68,40,58
E01034863,Cornwall 043H,,Cornwall,Urban,NHS Cornwall and the Isles of Scilly Integrated Care Board,E01034863,Cornwall 043H,E02003909,Cornwall 043,E06000052,Cornwall,2249,140,149,144,112,122,176,210,173,149,151,123,117,106,103,103,71,61,39
E01018846,Cornwall 048B,10978.0,Cornwall,Rural,NHS Cornwall and the Isles of Scilly Integrated Care Board,E01018846,Cornwall 048B,E02003912,Cornwall 048,E06000052,Cornwall,1463,59,51,83,77,64,44,58,72,75,106,112,134,111,98,116,100,57,46
E01018822,Cornwall 043B,26413.0,Cornwall,Urban,NHS Cornwall and the Isles of Scilly Integrated Care Board,E01018822,Cornwall 043B,E02003909,Cornwall 043,E06000052,Cornwall,1404,65,83,74,64,60,71,88,91,87,69,88,108,94,97,106,84,39,36
E01034865,Cornwall 044F,,Cornwall,Urban,NHS Cornwall and the Isles of Scilly Integrated Care Board,E01034865,Cornwall 044F,E02003910,Cornwall 044,E06000052,Cornwall,1111,46,58,44,39,89,148,89,111,61,71,56,76,47,36,51,32,35,22
E01018810,Cornwall 044D,23413.0,Cornwall,Urban,NHS Cornwall and the Isles of Scilly Integrated Care Board,E01018810,Cornwall 044D,E02003910,Cornwall 044,E06000052,Cornwall,1372,49,75,106,48,58,62,64,99,85,102,95,120,89,73,96,70,36,45
E01018856,Cornwall 043D,10228.0,Cornwall,Urban,NHS Cornwall and the Isles of Scilly Integrated Care Board,E01018856,Cornwall 043D,E02003909,Cornwall 043,E06000052,Cornwall,1318,67,64,46,51,73,105,111,76,75,73,85,100,95,64,91,43,39,60
E01034864,Cornwall 044E,,Cornwall,Urban,NHS Cornwall and the Isles of Scilly Integrated Care Board,E01034864,Cornwall 044E,E02003910,Cornwall 044,E06000052,Cornwall,1014,19,19,14,35,62,90,78,55,34,50,62,48,45,48,63,150,48,94
E01018819,Cornwall 043A,20905.0,Cornwall,Urban,NHS Cornwall and the Isles of Scilly Integrated Care Board,E01018819,Cornwall 043A,E02003909,Cornwall 043,E06000052,Cornwall,1449,57,78,79,62,62,86,94,96,106,92,112,104,112,97,79,64,30,39
E01018853,Cornwall 042C,17102.0,Cornwall,Urban,NHS Cornwall and the Isles of Scilly Integrated Care Board,E01018853,Cornwall 042C,E02003908,Cornwall 042,E06000052,Cornwall,2848,140,168,185,219,155,158,158,193,201,193,198,171,149,137,144,110,86,83
E01018823,Cornwall 042A,22381.0,Cornwall,Urban,NHS Cornwall and the Isles of Scilly Integrated Care Board,E01018823,Cornwall 042A,E02003908,Cornwall 042,E06000052,Cornwall,1517,48,50,54,60,76,77,78,87,77,85,113,104,108,90,136,78,93,103
E01034862,Cornwall 043G,,Cornwall,Urban,NHS Cornwall and the Isles of Scilly Integrated Care Board,E01034862,Cornwall 043G,E02003909,Cornwall 043,E06000052,Cornwall,1432,88,90,76,77,249,140,155,114,86,78,76,70,50,27,27,18,8,3
E01018820,Cornwall 047D,13320.0,Cornwall,Rural,NHS Cornwall and the Isles of Scilly Integrated Care Board,E01018820,Cornwall 047D,E02003911,Cornwall 047,E06000052,Cornwall,1858,74,94,107,107,87,58,95,99,117,164,160,136,109,120,146,83,63,39
E01018858,Cornwall 043F,20009.0,Cornwall,Urban,NHS Cornwall and the Isles of Scilly Integrated Care Board,E01018858,Cornwall 043F,E02003909,Cornwall 043,E06000052,Cornwall,1445,30,54,62,69,67,56,40,69,63,103,120,124,80,104,115,97,81,111
E01018857,Cornwall 043E,5178.0,Cornwall,Urban,NHS Cornwall and the Isles of Scilly Integrated Care Board,E01018857,Cornwall 043E,E02003909,Cornwall 043,E06000052,Cornwall,1442,87,84,84,46,53,68,100,76,107,69,77,126,77,95,98,69,58,68
E01018824,Cornwall 042B,18672.0,Cornwall,Urban,NHS Cornwall and the Isles of Scilly Integrated Care Board,E01018824,Cornwall 042B,E02003908,Cornwall 042,E06000052,Cornwall,2681,133,176,194,155,119,110,142,173,165,202,186,186,150,147,168,128,78,69
E01018892,Cornwall 045D,12686.0,Cornwall,Rural,NHS Cornwall and the Isles of Scilly Integrated Care Board,E01018892,Cornwall 045D,E02003918,Cornwall 045,E06000052,Cornwall,1671,82,106,108,81,62,78,86,101,124,118,122,105,120,105,103,74,41,55
E01018845,Cornwall 048A,16304.0,Cornwall,Rural,NHS Cornwall and the Isles of Scilly Integrated Care Board,E01018845,Cornwall 048A,E02003912,Cornwall 048,E06000052,Cornwall,1854,71,91,139,109,88,105,80,95,97,129,132,121,134,103,122,89,50,99
E01019040,Cornwall 041C,13865.0,Cornwall,Rural,NHS Cornwall and the Isles of Scilly Integrated Care Board,E01019040,Cornwall 041C,E02003964,Cornwall 041,E06000052,Cornwall,1319,56,72,65,44,46,52,56,62,59,80,89,100,125,114,128,87,47,37
E01018825,Cornwall 040A,10797.0,Cornwall,Rural,NHS Cornwall and the Isles of Scilly Integrated Care Board,E01018825,Cornwall 040A,E02003907,Cornwall 040,E06000052,Cornwall,1710,64,115,128,73,65,77,74,116,134,123,121,144,106,95,109,77,50,39
E01019066,Cornwall 041D,14986.0,Cornwall,Rural,NHS Cornwall and the Isles of Scilly Integrated Care Board,E01019066,Cornwall 041D,E02003964,Cornwall 041,E06000052,Cornwall,1366,55,61,59,71,64,56,61,59,69,66,115,140,109,114,105,86,41,35
E01018826,Cornwall 040B,16771.0,Cornwall,Rural,NHS Cornwall and the Isles of Scilly Integrated Care Board,E01018826,Cornwall 040B,E02003907,Cornwall 040,E06000052,Cornwall,2385,111,139,130,125,83,92,131,173,151,203,165,191,124,132,146,134,74,81
E01018821,Cornwall 047E,17016.0,Cornwall,Rural,NHS Cornwall and the Isles of Scilly Integrated Care Board,E01018821,Cornwall 047E,E02003911,Cornwall 047,E06000052,Cornwall,1785,138,121,100,98,77,114,164,142,124,105,123,119,84,84,84,62,25,21
E01018848,Cornwall 048C,28183.0,Cornwall,Rural,NHS Cornwall and the Isles of Scilly Integrated Care Board,E01018848,Cornwall 048C,E02003912,Cornwall 048,E06000052,Cornwall,1719,67,83,94,98,80,91,72,90,73,111,134,146,134,87,136,102,61,60
E01019067,Cornwall 041E,14793.0,Cornwall,Rural,NHS Cornwall and the Isles of Scilly Integrated Care Board,E01019067,Cornwall 041E,E02003964,Cornwall 041,E06000052,Cornwall,1380,51,68,74,67,44,57,53,47,68,94,96,114,104,108,109,96,56,74
E01034859,Cornwall 040E,,Cornwall,Rural,NHS Cornwall and the Isles of Scilly Integrated Care Board,E01034859,Cornwall 040E,E02003907,Cornwall 040,E06000052,Cornwall,1534,83,107,110,89,33,64,78,88,113,123,93,91,88,98,107,81,42,46
E01018843,Cornwall 033C,12688.0,Cornwall,Rural,NHS Cornwall and the Isles of Scilly Integrated Care Board,E01018843,Cornwall 033C,E02003906,Cornwall 033,E06000052,Cornwall,1432,55,94,82,71,47,36,49,89,104,104,109,99,109,98,116,77,48,45
E01019068,Cornwall 041F,19776.0,Cornwall,Rural,NHS Cornwall and the Isles of Scilly Integrated Care Board,E01019068,Cornwall 041F,E02003964,Cornwall 041,E06000052,Cornwall,1589,43,56,62,69,52,39,51,61,59,89,124,126,124,131,170,159,109,65
E01018851,Cornwall 040C,14205.0,Cornwall,Rural,NHS Cornwall and the Isles of Scilly Integrated Care Board,E01018851,Cornwall 040C,E02003907,Cornwall 040,E06000052,Cornwall,1311,54,69,67,55,50,62,61,74,72,93,75,103,92,96,99,74,46,69
E01034860,Cornwall 040F,,Cornwall,Rural,NHS Cornwall and the Isles of Scilly Integrated Care Board,E01034860,Cornwall 040F,E02003907,Cornwall 040,E06000052,Cornwall,1522,73,92,86,100,55,57,72,104,115,113,123,97,107,91,103,58,26,50
E01034857,Cornwall 036G,,Cornwall,Urban,NHS Cornwall and the Isles of Scilly Integrated Care Board,E01034857,Cornwall 036G,E02003961,Cornwall 036,E06000052,Cornwall,1226,53,51,66,42,53,59,57,76,60,88,97,105,95,95,89,60,42,38
E01019043,Cornwall 039D,14570.0,Cornwall,Urban,NHS Cornwall and the Isles of Scilly Integrated Care Board,E01019043,Cornwall 039D,E02003963,Cornwall 039,E06000052,Cornwall,1974,103,123,98,96,74,92,134,128,103,133,112,120,146,114,126,114,74,84
E01019027,Cornwall 035D,19568.0,Cornwall,Rural,NHS Cornwall and the Isles of Scilly Integrated Care Board,E01019027,Cornwall 035D,E02003960,Cornwall 035,E06000052,Cornwall,1240,26,32,54,81,47,42,38,37,41,89,85,120,99,111,121,103,53,61
E01018847,Cornwall 032D,13099.0,Cornwall,Rural,NHS Cornwall and the Isles of Scilly Integrated Care Board,E01018847,Cornwall 032D,E02003905,Cornwall 032,E06000052,Cornwall,1821,96,105,114,139,88,105,106,101,110,101,152,139,138,106,89,59,44,29
E01019033,Cornwall 039A,1712.0,Cornwall,Urban,NHS Cornwall and the Isles of Scilly Integrated Care Board,E01019033,Cornwall 039A,E02003963,Cornwall 039,E06000052,Cornwall,1599,95,79,97,61,97,104,127,85,80,85,97,125,119,104,81,62,45,56
E01019041,Cornwall 039B,2675.0,Cornwall,Urban,NHS Cornwall and the Isles of Scilly Integrated Care Board,E01019041,Cornwall 039B,E02003963,Cornwall 039,E06000052,Cornwall,1894,138,125,104,120,114,144,145,101,83,107,120,122,101,64,90,81,61,74
E01019032,Cornwall 038A,12674.0,Cornwall,Urban,NHS Cornwall and the Isles of Scilly Integrated Care Board,E01019032,Cornwall 038A,E02003962,Cornwall 038,E06000052,Cornwall,1451,54,82,58,60,62,58,75,79,62,87,120,124,119,116,124,77,55,39
E01019042,Cornwall 039C,9957.0,Cornwall,Urban,NHS Cornwall and the Isles of Scilly Integrated Care Board,E01019042,Cornwall 039C,E02003963,Cornwall 039,E06000052,Cornwall,1745,97,101,114,97,101,91,110,91,115,108,141,111,95,84,100,78,53,58
E01018773,Cornwall 037B,11606.0,Cornwall,Rural,NHS Cornwall and the Isles of Scilly Integrated Care Board,E01018773,Cornwall 037B,E02003904,Cornwall 037,E06000052,Cornwall,1529,37,51,60,58,56,48,59,59,59,75,149,143,109,148,165,76,62,115
E01018762,Cornwall 037A,10232.0,Cornwall,Rural,NHS Cornwall and the Isles of Scilly Integrated Care Board,E01018762,Cornwall 037A,E02003904,Cornwall 037,E06000052,Cornwall,1200,29,35,57,59,46,35,35,30,51,73,121,86,127,113,138,78,40,47
E01018781,Cornwall 034B,12419.0,Cornwall,Rural,NHS Cornwall and the Isles of Scilly Integrated Care Board,E01018781,Cornwall 034B,E02003903,Cornwall 034,E06000052,Cornwall,1732,38,61,75,79,51,53,67,67,71,102,136,168,153,149,189,132,78,63
E01019071,Cornwall 030C,12133.0,Cornwall,Rural,NHS Cornwall and the Isles of Scilly Integrated Care Board,E01019071,Cornwall 030C,E02003958,Cornwall 030,E06000052,Cornwall,1784,87,101,113,109,72,97,109,92,79,126,157,127,127,122,113,83,43,27
E01019044,Cornwall 039E,17992.0,Cornwall,Urban,NHS Cornwall and the Isles of Scilly Integrated Care Board,E01019044,Cornwall 039E,E02003963,Cornwall 039,E06000052,Cornwall,1493,48,58,66,70,43,52,61,73,56,82,112,126,123,94,132,137,81,79
E01018815,Cornwall 032A,10154.0,Cornwall,Rural,NHS Cornwall and the Isles of Scilly Integrated Care Board,E01018815,Cornwall 032A,E02003905,Cornwall 032,E06000052,Cornwall,2462,138,174,157,133,103,131,178,175,149,159,190,194,165,143,136,63,49,25
E01018780,Cornwall 034A,11299.0,Cornwall,Rural,NHS Cornwall and the Isles of Scilly Integrated Care Board,E01018780,Cornwall 034A,E02003903,Cornwall 034,E06000052,Cornwall,2298,72,124,145,111,70,73,90,127,158,128,165,181,166,180,184,157,100,67
E01019047,Cornwall 038D,7549.0,Cornwall,Urban,NHS Cornwall and the Isles of Scilly Integrated Care Board,E01019047,Cornwall 038D,E02003962,Cornwall 038,E06000052,Cornwall,1529,73,77,70,71,100,108,105,77,76,97,96,106,102,99,104,80,36,52
E01019013,Cornwall 036A,11302.0,Cornwall,Urban,NHS Cornwall and the Isles of Scilly Integrated Care Board,E01019013,Cornwall 036A,E02003961,Cornwall 036,E06000052,Cornwall,2087,65,122,126,125,97,68,80,113,127,139,147,178,131,123,147,115,113,71
E01019046,Cornwall 039F,4457.0,Cornwall,Urban,NHS Cornwall and the Isles of Scilly Integrated Care Board,E01019046,Cornwall 039F,E02003963,Cornwall 039,E06000052,Cornwall,1332,51,76,83,79,68,106,80,83,75,75,98,92,81,87,62,46,33,57
E01019072,Cornwall 030D,8941.0,Cornwall,Rural,NHS Cornwall and the Isles of Scilly Integrated Care Board,E01019072,Cornwall 030D,E02003958,Cornwall 030,E06000052,Cornwall,1496,66,81,112,98,88,76,73,98,55,84,108,146,98,74,84,66,50,39
E01019058,Cornwall 031C,22367.0,Cornwall,Rural,NHS Cornwall and the Isles of Scilly Integrated Care Board,E01019058,Cornwall 031C,E02003959,Cornwall 031,E06000052,Cornwall,2234,146,166,126,100,111,128,153,139,126,118,161,159,146,114,122,97,71,51
E01034856,Cornwall 036F,,Cornwall,Urban,NHS Cornwall and the Isles of Scilly Integrated Care Board,E01034856,Cornwall 036F,E02003961,Cornwall 036,E06000052,Cornwall,1577,30,50,75,67,50,43,47,56,65,84,98,120,126,157,180,149,90,90
E01019014,Cornwall 036B,21324.0,Cornwall,Urban,NHS Cornwall and the Isles of Scilly Integrated Care Board,E01019014,Cornwall 036B,E02003961,Cornwall 036,E06000052,Cornwall,1508,80,86,105,66,58,73,92,76,101,77,98,97,104,97,118,81,56,43
E01019015,Cornwall 036C,24437.0,Cornwall,Urban,NHS Cornwall and the Isles of Scilly Integrated Care Board,E01019015,Cornwall 036C,E02003961,Cornwall 036,E06000052,Cornwall,1352,62,74,80,60,63,62,93,77,63,84,73,97,129,95,82,74,41,43
E01034858,Cornwall 037E,,Cornwall,Rural,NHS Cornwall and the Isles of Scilly Integrated Care Board,E01034858,Cornwall 037E,E02003904,Cornwall 037,E06000052,Cornwall,2273,50,73,85,73,76,64,85,76,94,134,193,243,214,213,224,159,104,113
E01034858,Cornwall 037E,,Cornwall,Rural,NHS Cornwall and the Isles of Scilly Integrated Care Board,E01034858,Cornwall 037E,E02003904,Cornwall 037,E06000052,Cornwall,2273,50,73,85,73,76,64,85,76,94,134,193,243,214,213,224,159,104,113
E01019025,Cornwall 035B,21729.0,Cornwall,Rural,NHS Cornwall and the Isles of Scilly Integrated Care Board,E01019025,Cornwall 035B,E02003960,Cornwall 035,E06000052,Cornwall,1523,57,71,60,62,43,56,65,66,63,90,118,124,119,144,142,101,61,81
E01019059,Cornwall 031D,10625.0,Cornwall,Rural,NHS Cornwall and the Isles of Scilly Integrated Care Board,E01019059,Cornwall 031D,E02003959,Cornwall 031,E06000052,Cornwall,1482,48,69,76,78,61,62,67,69,80,86,125,122,105,105,109,96,75,49
E01019016,Cornwall 036D,21022.0,Cornwall,Urban,NHS Cornwall and the Isles of Scilly Integrated Care Board,E01019016,Cornwall 036D,E02003961,Cornwall 036,E06000052,Cornwall,1847,106,137,114,131,100,87,127,110,113,148,154,134,119,87,97,40,29,14
E01018761,Cornwall 028C,8151.0,Cornwall,Rural,NHS Cornwall and the Isles of Scilly Integrated Care Board,E01018761,Cornwall 028C,E02003901,Cornwall 028,E06000052,Cornwall,1841,49,80,81,50,58,54,66,79,70,85,123,161,144,190,190,153,95,113
E01019034,Cornwall 038B,4259.0,Cornwall,Urban,NHS Cornwall and the Isles of Scilly Integrated Care Board,E01019034,Cornwall 038B,E02003962,Cornwall 038,E06000052,Cornwall,1574,84,75,83,86,104,89,84,85,80,108,168,121,103,79,95,54,33,43
E01019026,Cornwall 035C,16897.0,Cornwall,Rural,NHS Cornwall and the Isles of Scilly Integrated Care Board,E01019026,Cornwall 035C,E02003960,Cornwall 035,E06000052,Cornwall,1418,30,56,62,50,58,41,60,44,60,67,118,113,127,122,146,120,81,63
E01019045,Cornwall 038C,21374.0,Cornwall,Urban,NHS Cornwall and the Isles of Scilly Integrated Care Board,E01019045,Cornwall 038C,E02003962,Cornwall 038,E06000052,Cornwall,2705,198,206,152,119,176,200,218,175,166,148,182,172,134,132,122,95,47,63
E01019073,Cornwall 030E,13180.0,Cornwall,Urban,NHS Cornwall and the Isles of Scilly Integrated Care Board,E01019073,Cornwall 030E,E02003958,Cornwall 030,E06000052,Cornwall,1587,58,89,113,73,64,71,68,106,87,85,135,135,111,118,100,89,54,31
E01018842,Cornwall 033B,14177.0,Cornwall,Rural,NHS Cornwall and the Isles of Scilly Integrated Care Board,E01018842,Cornwall 033B,E02003906,Cornwall 033,E06000052,Cornwall,1725,82,114,110,85,61,80,83,107,128,132,126,104,120,109,117,69,53,45
E01019056,Cornwall 031A,2985.0,Cornwall,Rural,NHS Cornwall and the Isles of Scilly Integrated Care Board,E01019056,Cornwall 031A,E02003959,Cornwall 031,E06000052,Cornwall,1350,65,95,109,93,67,74,72,98,77,78,101,76,77,93,63,34,38,40
E01019057,Cornwall 031B,12836.0,Cornwall,Rural,NHS Cornwall and the Isles of Scilly Integrated Care Board,E01019057,Cornwall 031B,E02003959,Cornwall 031,E06000052,Cornwall,1866,92,117,97,92,95,111,129,92,81,136,143,133,118,108,123,78,50,71
E01018844,Cornwall 033D,10878.0,Cornwall,Rural,NHS Cornwall and the Isles of Scilly Integrated Care Board,E01018844,Cornwall 033D,E02003906,Cornwall 033,E06000052,Cornwall,1289,54,52,64,54,48,63,69,72,82,83,93,88,91,81,92,76,49,78
E01019070,Cornwall 030B,6667.0,Cornwall,Rural,NHS Cornwall and the Isles of Scilly Integrated Care Board,E01019070,Cornwall 030B,E02003958,Cornwall 030,E06000052,Cornwall,2085,113,121,123,91,107,126,143,117,105,116,164,156,155,131,138,88,43,48
E01018833,Cornwall 033A,13522.0,Cornwall,Rural,NHS Cornwall and the Isles of Scilly Integrated Care Board,E01018833,Cornwall 033A,E02003906,Cornwall 033,E06000052,Cornwall,1951,85,110,137,101,84,85,121,110,113,135,162,126,124,111,112,88,66,81
E01018800,Cornwall 029D,21524.0,Cornwall,Rural,NHS Cornwall and the Isles of Scilly Integrated Care Board,E01018800,Cornwall 029D,E02003902,Cornwall 029,E06000052,Cornwall,1477,70,84,83,72,67,90,95,80,81,74,114,119,128,85,105,73,38,19
E01018797,Cornwall 029A,5989.0,Cornwall,Rural,NHS Cornwall and the Isles of Scilly Integrated Care Board,E01018797,Cornwall 029A,E02003902,Cornwall 029,E06000052,Cornwall,1121,58,65,58,55,62,66,66,70,69,60,82,88,77,66,54,64,33,28
E01033294,Cornwall 034E,20514.0,Cornwall,Rural,NHS Cornwall and the Isles of Scilly Integrated Care Board,E01033294,Cornwall 034E,E02003903,Cornwall 034,E06000052,Cornwall,2160,81,110,111,102,83,123,109,125,93,141,144,169,223,161,161,107,56,61
E01018798,Cornwall 029B,17008.0,Cornwall,Rural,NHS Cornwall and the Isles of Scilly Integrated Care Board,E01018798,Cornwall 029B,E02003902,Cornwall 029,E06000052,Cornwall,1513,46,78,76,61,66,65,72,66,81,85,96,118,143,111,128,101,55,65
E01018774,Cornwall 028E,5474.0,Cornwall,Rural,NHS Cornwall and the Isles of Scilly Integrated Care Board,E01018774,Cornwall 028E,E02003901,Cornwall 028,E06000052,Cornwall,1887,78,90,105,95,93,98,92,84,85,108,143,164,142,137,117,95,55,106
E01019069,Cornwall 030A,7596.0,Cornwall,Rural,NHS Cornwall and the Isles of Scilly Integrated Care Board,E01019069,Cornwall 030A,E02003958,Cornwall 030,E06000052,Cornwall,1248,77,74,71,62,72,77,79,87,70,73,108,101,80,77,58,39,25,18
E01018799,Cornwall 029C,8116.0,Cornwall,Rural,NHS Cornwall and the Isles of Scilly Integrated Care Board,E01018799,Cornwall 029C,E02003902,Cornwall 029,E06000052,Cornwall,1171,48,69,89,70,48,41,64,68,79,67,82,82,85,62,64,37,48,68
E01019024,Cornwall 035A,10893.0,Cornwall,Rural,NHS Cornwall and the Isles of Scilly Integrated Care Board,E01019024,Cornwall 035A,E02003960,Cornwall 035,E06000052,Cornwall,1513,58,67,74,88,71,62,67,66,79,97,110,117,134,117,108,90,58,50
E01019075,Cornwall 027E,9044.0,Cornwall,Rural,NHS Cornwall and the Isles of Scilly Integrated Care Board,E01019075,Cornwall 027E,E02003957,Cornwall 027,E06000052,Cornwall,1891,90,86,137,111,86,107,99,108,112,151,168,138,109,136,107,73,37,36
E01018757,Cornwall 023A,14711.0,Cornwall,Rural,NHS Cornwall and the Isles of Scilly Integrated Care Board,E01018757,Cornwall 023A,E02003898,Cornwall 023,E06000052,Cornwall,2178,64,86,100,100,66,61,79,99,106,126,220,199,180,219,187,133,77,76
E01018831,Cornwall 032B,15602.0,Cornwall,Rural,NHS Cornwall and the Isles of Scilly Integrated Care Board,E01018831,Cornwall 032B,E02003905,Cornwall 032,E06000052,Cornwall,1535,56,98,98,90,59,48,86,73,116,122,114,113,99,99,101,70,40,53
E01019063,Cornwall 019D,11514.0,Cornwall,Rural,NHS Cornwall and the Isles of Scilly Integrated Care Board,E01019063,Cornwall 019D,E02003953,Cornwall 019,E06000052,Cornwall,2250,135,148,134,91,106,127,146,165,135,171,149,145,153,119,108,91,74,53
E01018795,Cornwall 022C,22028.0,Cornwall,Urban,NHS Cornwall and the Isles of Scilly Integrated Care Board,E01018795,Cornwall 022C,E02003897,Cornwall 022,E06000052,Cornwall,1220,27,58,61,57,42,34,36,44,56,79,99,110,89,104,137,95,57,35
E01019074,Cornwall 027D,5421.0,Cornwall,Rural,NHS Cornwall and the Isles of Scilly Integrated Care Board,E01019074,Cornwall 027D,E02003957,Cornwall 027,E06000052,Cornwall,1924,131,137,107,112,89,126,149,109,78,96,170,149,141,116,83,75,35,21
E01019054,Cornwall 024C,11121.0,Cornwall,Rural,NHS Cornwall and the Isles of Scilly Integrated Care Board,E01019054,Cornwall 024C,E02003956,Cornwall 024,E06000052,Cornwall,1957,94,122,123,106,87,108,120,117,98,148,146,151,124,122,110,91,44,46
E01019055,Cornwall 024D,4214.0,Cornwall,Rural,NHS Cornwall and the Isles of Scilly Integrated Care Board,E01019055,Cornwall 024D,E02003956,Cornwall 024,E06000052,Cornwall,1521,74,95,120,96,78,89,91,103,88,99,100,121,96,86,77,54,26,28
E01018766,Cornwall 028D,9794.0,Cornwall,Rural,NHS Cornwall and the Isles of Scilly Integrated Care Board,E01018766,Cornwall 028D,E02003901,Cornwall 028,E06000052,Cornwall,1675,40,65,65,82,64,54,60,66,76,73,124,148,191,150,170,108,74,65
E01018760,Cornwall 028B,12007.0,Cornwall,Rural,NHS Cornwall and the Isles of Scilly Integrated Care Board,E01018760,Cornwall 028B,E02003901,Cornwall 028,E06000052,Cornwall,1337,52,71,67,42,55,46,54,60,72,80,94,113,115,142,126,69,50,29
E01019076,Cornwall 027F,6956.0,Cornwall,Rural,NHS Cornwall and the Isles of Scilly Integrated Care Board,E01019076,Cornwall 027F,E02003957,Cornwall 027,E06000052,Cornwall,2164,144,141,151,114,115,147,157,140,134,145,149,136,136,91,114,81,50,19
E01018791,Cornwall 026B,14298.0,Cornwall,Urban,NHS Cornwall and the Isles of Scilly Integrated Care Board,E01018791,Cornwall 026B,E02003900,Cornwall 026,E06000052,Cornwall,1283,55,73,85,65,77,69,56,58,54,71,90,80,79,93,77,76,63,62
E01018789,Cornwall 026A,22389.0,Cornwall,Urban,NHS Cornwall and the Isles of Scilly Integrated Care Board,E01018789,Cornwall 026A,E02003900,Cornwall 026,E06000052,Cornwall,1403,69,92,91,57,47,83,87,84,86,60,83,80,86,105,118,79,57,39
E01018832,Cornwall 032C,17497.0,Cornwall,Rural,NHS Cornwall and the Isles of Scilly Integrated Care Board,E01018832,Cornwall 032C,E02003905,Cornwall 032,E06000052,Cornwall,1337,55,73,73,60,43,39,63,82,96,80,102,98,103,94,134,73,36,33
E01018794,Cornwall 025D,19540.0,Cornwall,Urban,NHS Cornwall and the Isles of Scilly Integrated Care Board,E01018794,Cornwall 025D,E02003899,Cornwall 025,E06000052,Cornwall,1409,59,69,75,75,61,62,74,79,64,91,105,124,83,101,130,78,42,37
E01018790,Cornwall 025C,9404.0,Cornwall,Urban,NHS Cornwall and the Isles of Scilly Integrated Care Board,E01018790,Cornwall 025C,E02003899,Cornwall 025,E06000052,Cornwall,1205,54,91,80,77,44,54,56,64,73,78,76,87,81,74,91,49,35,41
E01018796,Cornwall 022D,28717.0,Cornwall,Urban,NHS Cornwall and the Isles of Scilly Integrated Care Board,E01018796,Cornwall 022D,E02003897,Cornwall 022,E06000052,Cornwall,1169,56,93,72,64,49,63,62,82,72,86,75,81,84,64,84,40,20,22
E01019065,Cornwall 019F,13499.0,Cornwall,Rural,NHS Cornwall and the Isles of Scilly Integrated Care Board,E01019065,Cornwall 019F,E02003953,Cornwall 019,E06000052,Cornwall,1337,78,78,80,72,70,72,85,98,78,93,98,92,89,70,86,53,19,26
E01018759,Cornwall 028A,9241.0,Cornwall,Rural,NHS Cornwall and the Isles of Scilly Integrated Care Board,E01018759,Cornwall 028A,E02003901,Cornwall 028,E06000052,Cornwall,1549,59,78,71,67,55,65,68,79,65,83,117,128,128,137,163,89,54,43
E01018786,Cornwall 025A,19691.0,Cornwall,Urban,NHS Cornwall and the Isles of Scilly Integrated Care Board,E01018786,Cornwall 025A,E02003899,Cornwall 025,E06000052,Cornwall,1247,42,82,64,52,46,60,71,70,75,69,74,94,106,82,106,78,42,34
E01018788,Cornwall 025B,9788.0,Cornwall,Urban,NHS Cornwall and the Isles of Scilly Integrated Care Board,E01018788,Cornwall 025B,E02003899,Cornwall 025,E06000052,Cornwall,1417,71,85,56,56,53,57,74,80,64,76,81,71,84,95,141,132,66,75
E01018793,Cornwall 026D,10687.0,Cornwall,Urban,NHS Cornwall and the Isles of Scilly Integrated Care Board,E01018793,Cornwall 026D,E02003900,Cornwall 026,E06000052,Cornwall,1691,65,74,92,84,77,84,95,95,87,110,111,138,136,136,108,99,42,58
E01019036,Cornwall 027B,10519.0,Cornwall,Rural,NHS Cornwall and the Isles of Scilly Integrated Care Board,E01019036,Cornwall 027B,E02003957,Cornwall 027,E06000052,Cornwall,1822,66,83,83,91,68,58,85,93,80,104,152,141,173,147,169,108,54,67
E01019035,Cornwall 027A,24785.0,Cornwall,Rural,NHS Cornwall and the Isles of Scilly Integrated Care Board,E01019035,Cornwall 027A,E02003957,Cornwall 027,E06000052,Cornwall,1701,76,71,73,60,55,57,84,92,96,73,136,141,134,116,146,130,74,87
E01019037,Cornwall 027C,10231.0,Cornwall,Rural,NHS Cornwall and the Isles of Scilly Integrated Care Board,E01019037,Cornwall 027C,E02003957,Cornwall 027,E06000052,Cornwall,1605,54,100,109,69,78,70,86,103,93,85,112,139,111,98,106,84,49,59
E01018792,Cornwall 026C,23234.0,Cornwall,Urban,NHS Cornwall and the Isles of Scilly Integrated Care Board,E01018792,Cornwall 026C,E02003900,Cornwall 026,E06000052,Cornwall,2721,111,175,170,156,99,122,162,139,187,208,218,210,167,145,168,148,71,65
E01018763,Cornwall 023B,16592.0,Cornwall,Rural,NHS Cornwall and the Isles of Scilly Integrated Care Board,E01018763,Cornwall 023B,E02003898,Cornwall 023,E06000052,Cornwall,1105,31,61,65,61,57,51,52,66,67,74,81,108,77,83,81,44,23,23
E01019064,Cornwall 019E,11315.0,Cornwall,Rural,NHS Cornwall and the Isles of Scilly Integrated Care Board,E01019064,Cornwall 019E,E02003953,Cornwall 019,E06000052,Cornwall,2212,112,130,163,99,114,106,150,142,155,151,157,151,146,129,120,95,50,42
E01018787,Cornwall 022B,25575.0,Cornwall,Urban,NHS Cornwall and the Isles of Scilly Integrated Care Board,E01018787,Cornwall 022B,E02003897,Cornwall 022,E06000052,Cornwall,1520,50,88,98,101,57,67,80,73,69,128,105,145,139,85,89,72,35,39
E01019031,Cornwall 020D,13161.0,Cornwall,Urban,NHS Cornwall and the Isles of Scilly Integrated Care Board,E01019031,Cornwall 020D,E02003954,Cornwall 020,E06000052,Cornwall,1727,88,61,72,63,91,104,136,104,103,116,124,114,118,140,104,73,56,60
E01019023,Cornwall 021F,21519.0,Cornwall,Urban,NHS Cornwall and the Isles of Scilly Integrated Care Board,E01019023,Cornwall 021F,E02003955,Cornwall 021,E06000052,Cornwall,1666,102,159,126,72,64,111,125,133,133,116,113,101,74,88,72,37,22,18
E01034855,Cornwall 018G,,Cornwall,Urban,NHS Cornwall and the Isles of Scilly Integrated Care Board,E01034855,Cornwall 018G,E02003952,Cornwall 018,E06000052,Cornwall,1540,146,103,121,79,70,151,189,144,129,95,81,67,61,34,43,17,5,5
E01019021,Cornwall 021D,17982.0,Cornwall,Urban,NHS Cornwall and the Isles of Scilly Integrated Care Board,E01019021,Cornwall 021D,E02003955,Cornwall 021,E06000052,Cornwall,1596,63,73,84,72,62,79,134,84,93,129,140,98,110,96,115,71,47,46
E01019053,Cornwall 024B,6224.0,Cornwall,Rural,NHS Cornwall and the Isles of Scilly Integrated Care Board,E01019053,Cornwall 024B,E02003956,Cornwall 024,E06000052,Cornwall,2264,112,113,125,86,103,143,132,150,140,130,170,174,154,157,152,113,52,58
E01019022,Cornwall 021E,8859.0,Cornwall,Urban,NHS Cornwall and the Isles of Scilly Integrated Care Board,E01019022,Cornwall 021E,E02003955,Cornwall 021,E06000052,Cornwall,1822,90,115,97,88,82,82,120,106,137,138,109,110,129,93,107,89,60,70
E01018785,Cornwall 023D,13965.0,Cornwall,Rural,NHS Cornwall and the Isles of Scilly Integrated Care Board,E01018785,Cornwall 023D,E02003898,Cornwall 023,E06000052,Cornwall,1930,67,75,103,116,72,55,71,82,91,132,179,167,158,155,165,112,77,53
E01019018,Cornwall 021A,23996.0,Cornwall,Urban,NHS Cornwall and the Isles of Scilly Integrated Care Board,E01019018,Cornwall 021A,E02003955,Cornwall 021,E06000052,Cornwall,1574,47,75,101,85,66,44,73,61,89,100,123,105,126,109,137,110,80,43
E01019030,Cornwall 020C,19003.0,Cornwall,Urban,NHS Cornwall and the Isles of Scilly Integrated Care Board,E01019030,Cornwall 020C,E02003954,Cornwall 020,E06000052,Cornwall,2089,92,108,107,105,81,94,133,158,147,164,201,153,120,131,131,88,42,34
E01034854,Cornwall 018F,,Cornwall,Urban,NHS Cornwall and the Isles of Scilly Integrated Care Board,E01034854,Cornwall 018F,E02003952,Cornwall 018,E06000052,Cornwall,1500,128,152,120,67,70,89,154,143,125,81,95,73,65,37,44,28,18,11
E01019019,Cornwall 021B,15736.0,Cornwall,Urban,NHS Cornwall and the Isles of Scilly Integrated Care Board,E01019019,Cornwall 021B,E02003955,Cornwall 021,E06000052,Cornwall,1810,72,78,91,99,106,134,116,96,100,129,113,116,106,90,112,100,68,84
E01019029,Cornwall 020B,2688.0,Cornwall,Urban,NHS Cornwall and the Isles of Scilly Integrated Care Board,E01019029,Cornwall 020B,E02003954,Cornwall 020,E06000052,Cornwall,1679,62,43,43,61,157,176,139,128,128,85,124,101,104,92,65,51,44,76
E01034853,Cornwall 018E,,Cornwall,Urban,NHS Cornwall and the Isles of Scilly Integrated Care Board,E01034853,Cornwall 018E,E02003952,Cornwall 018,E06000052,Cornwall,1321,71,84,90,60,53,73,122,89,82,86,107,84,75,65,60,51,37,32
E01019020,Cornwall 021C,3218.0,Cornwall,Urban,NHS Cornwall and the Isles of Scilly Integrated Care Board,E01019020,Cornwall 021C,E02003955,Cornwall 021,E06000052,Cornwall,1610,57,61,76,70,143,137,141,132,117,110,151,124,87,66,61,32,29,16
E01019050,Cornwall 018C,15975.0,Cornwall,Rural,NHS Cornwall and the Isles of Scilly Integrated Care Board,E01019050,Cornwall 018C,E02003952,Cornwall 018,E06000052,Cornwall,1836,81,98,105,97,77,82,120,131,104,133,122,114,132,115,142,92,49,42
E01019028,Cornwall 020A,8820.0,Cornwall,Urban,NHS Cornwall and the Isles of Scilly Integrated Care Board,E01019028,Cornwall 020A,E02003954,Cornwall 020,E06000052,Cornwall,2138,87,88,98,71,126,166,180,168,174,180,156,127,107,105,107,80,56,62
E01019051,Cornwall 018D,7177.0,Cornwall,Urban,NHS Cornwall and the Isles of Scilly Integrated Care Board,E01019051,Cornwall 018D,E02003952,Cornwall 018,E06000052,Cornwall,1630,70,107,97,90,69,54,91,100,126,110,103,127,116,102,111,68,40,49
E01019062,Cornwall 019C,11273.0,Cornwall,Rural,NHS Cornwall and the Isles of Scilly Integrated Care Board,E01019062,Cornwall 019C,E02003953,Cornwall 019,E06000052,Cornwall,1823,110,121,127,109,81,86,99,125,126,117,98,126,100,97,131,80,37,53
E01018764,Cornwall 022A,17353.0,Cornwall,Rural,NHS Cornwall and the Isles of Scilly Integrated Care Board,E01018764,Cornwall 022A,E02003897,Cornwall 022,E06000052,Cornwall,1474,45,67,72,76,42,38,47,53,79,100,127,140,142,120,131,101,54,40
E01019052,Cornwall 024A,8372.0,Cornwall,Rural,NHS Cornwall and the Isles of Scilly Integrated Care Board,E01019052,Cornwall 024A,E02003956,Cornwall 024,E06000052,Cornwall,2002,105,122,116,113,92,92,137,126,122,159,131,148,147,114,107,64,54,53
E01034852,Cornwall 016H,,Cornwall,Rural,NHS Cornwall and the Isles of Scilly Integrated Care Board,E01034852,Cornwall 016H,E02003895,Cornwall 016,E06000052,Cornwall,1585,84,76,93,60,56,75,84,99,83,93,129,113,127,111,127,82,48,45
E01019048,Cornwall 018A,17436.0,Cornwall,Urban,NHS Cornwall and the Isles of Scilly Integrated Care Board,E01019048,Cornwall 018A,E02003952,Cornwall 018,E06000052,Cornwall,1906,54,75,98,67,66,85,83,101,155,131,165,147,155,134,156,93,58,83
E01018778,Cornwall 016D,11447.0,Cornwall,Rural,NHS Cornwall and the Isles of Scilly Integrated Care Board,E01018778,Cornwall 016D,E02003895,Cornwall 016,E06000052,Cornwall,1761,75,87,99,84,53,80,67,82,101,106,133,150,171,135,140,85,54,59
E01019061,Cornwall 019B,19190.0,Cornwall,Rural,NHS Cornwall and the Isles of Scilly Integrated Care Board,E01019061,Cornwall 019B,E02003953,Cornwall 019,E06000052,Cornwall,1834,75,109,117,100,74,112,98,125,120,106,131,120,142,102,131,76,49,47
E01018772,Cornwall 017D,22783.0,Cornwall,Urban,NHS Cornwall and the Isles of Scilly Integrated Care Board,E01018772,Cornwall 017D,E02003896,Cornwall 017,E06000052,Cornwall,1839,73,115,106,96,75,44,101,59,94,115,126,145,115,130,160,127,74,84
E01018944,Cornwall 011C,10180.0,Cornwall,Rural,NHS Cornwall and the Isles of Scilly Integrated Care Board,E01018944,Cornwall 011C,E02003940,Cornwall 011,E06000052,Cornwall,1120,28,48,59,50,44,43,49,46,55,69,98,112,105,84,102,61,41,26
E01018771,Cornwall 017C,4080.0,Cornwall,Urban,NHS Cornwall and the Isles of Scilly Integrated Care Board,E01018771,Cornwall 017C,E02003896,Cornwall 017,E06000052,Cornwall,1323,51,31,36,60,118,104,80,53,71,91,119,98,95,85,92,53,35,51
E01018770,Cornwall 017B,4389.0,Cornwall,Urban,NHS Cornwall and the Isles of Scilly Integrated Care Board,E01018770,Cornwall 017B,E02003896,Cornwall 017,E06000052,Cornwall,1315,53,75,77,98,67,55,68,56,70,103,98,93,85,79,87,54,37,60
E01018768,Cornwall 016B,16361.0,Cornwall,Urban,NHS Cornwall and the Isles of Scilly Integrated Care Board,E01018768,Cornwall 016B,E02003895,Cornwall 016,E06000052,Cornwall,2092,115,127,154,138,112,130,160,143,143,107,176,151,108,96,95,65,39,33
E01034851,Cornwall 016G,,Cornwall,Rural,NHS Cornwall and the Isles of Scilly Integrated Care Board,E01034851,Cornwall 016G,E02003895,Cornwall 016,E06000052,Cornwall,1214,74,64,67,38,37,65,101,53,42,68,89,107,100,91,94,62,32,30
E01034850,Cornwall 016F,,Cornwall,Urban,NHS Cornwall and the Isles of Scilly Integrated Care Board,E01034850,Cornwall 016F,E02003895,Cornwall 016,E06000052,Cornwall,1400,92,83,87,69,63,111,118,79,86,63,74,96,82,58,79,58,50,52
E01018767,Cornwall 017A,3275.0,Cornwall,Urban,NHS Cornwall and the Isles of Scilly Integrated Care Board,E01018767,Cornwall 017A,E02003896,Cornwall 017,E06000052,Cornwall,1473,88,117,83,89,67,70,80,80,76,109,104,92,92,82,84,74,38,48
E01018945,Cornwall 011D,12709.0,Cornwall,Rural,NHS Cornwall and the Isles of Scilly Integrated Care Board,E01018945,Cornwall 011D,E02003940,Cornwall 011,E06000052,Cornwall,1356,57,65,71,60,44,45,63,59,67,82,115,109,106,90,110,82,70,61
E01018931,Cornwall 015E,15694.0,Cornwall,Urban,NHS Cornwall and the Isles of Scilly Integrated Care Board,E01018931,Cornwall 015E,E02003942,Cornwall 015,E06000052,Cornwall,1095,43,58,56,34,54,46,58,54,56,71,83,75,77,76,77,70,68,39
E01018935,Cornwall 014D,17744.0,Cornwall,Urban,NHS Cornwall and the Isles of Scilly Integrated Care Board,E01018935,Cornwall 014D,E02003941,Cornwall 014,E06000052,Cornwall,2664,151,163,201,149,135,205,160,183,179,170,194,152,127,119,143,87,56,90
E01034849,Cornwall 016E,,Cornwall,Urban,NHS Cornwall and the Isles of Scilly Integrated Care Board,E01034849,Cornwall 016E,E02003895,Cornwall 016,E06000052,Cornwall,1468,133,88,91,42,66,124,123,73,82,74,79,107,74,73,82,62,42,53
E01019060,Cornwall 019A,17178.0,Cornwall,Rural,NHS Cornwall and the Isles of Scilly Integrated Care Board,E01019060,Cornwall 019A,E02003953,Cornwall 019,E06000052,Cornwall,1369,53,61,74,54,43,52,63,70,84,93,108,117,97,114,117,75,54,40
E01018934,Cornwall 014C,21078.0,Cornwall,Urban,NHS Cornwall and the Isles of Scilly Integrated Care Board,E01018934,Cornwall 014C,E02003941,Cornwall 014,E06000052,Cornwall,2662,142,134,151,133,117,187,148,169,164,149,199,203,177,149,160,118,97,65
E01018765,Cornwall 023C,13769.0,Cornwall,Rural,NHS Cornwall and the Isles of Scilly Integrated Care Board,E01018765,Cornwall 023C,E02003898,Cornwall 023,E06000052,Cornwall,1509,56,59,75,60,40,38,71,53,68,79,107,131,121,131,157,135,86,42
E01018930,Cornwall 015D,1821.0,Cornwall,Urban,NHS Cornwall and the Isles of Scilly Integrated Care Board,E01018930,Cornwall 015D,E02003942,Cornwall 015,E06000052,Cornwall,1585,141,136,106,82,90,103,116,102,84,91,109,109,90,74,77,36,18,21
E01018929,Cornwall 015C,11578.0,Cornwall,Urban,NHS Cornwall and the Isles of Scilly Integrated Care Board,E01018929,Cornwall 015C,E02003942,Cornwall 015,E06000052,Cornwall,1897,126,126,113,105,107,138,171,112,107,92,126,114,93,96,83,74,67,47
E01018933,Cornwall 014B,2579.0,Cornwall,Urban,NHS Cornwall and the Isles of Scilly Integrated Care Board,E01018933,Cornwall 014B,E02003941,Cornwall 014,E06000052,Cornwall,1932,108,137,128,90,102,171,148,144,102,127,110,125,98,77,82,58,59,66
E01018928,Cornwall 015B,4835.0,Cornwall,Urban,NHS Cornwall and the Isles of Scilly Integrated Care Board,E01018928,Cornwall 015B,E02003942,Cornwall 015,E06000052,Cornwall,1672,77,111,87,96,100,142,130,105,96,118,113,112,114,72,84,58,32,25
E01018927,Cornwall 015A,8507.0,Cornwall,Urban,NHS Cornwall and the Isles of Scilly Integrated Care Board,E01018927,Cornwall 015A,E02003942,Cornwall 015,E06000052,Cornwall,1743,130,113,117,102,87,103,99,105,95,115,97,137,120,93,92,62,54,22
E01018932,Cornwall 014A,8641.0,Cornwall,Urban,NHS Cornwall and the Isles of Scilly Integrated Care Board,E01018932,Cornwall 014A,E02003941,Cornwall 014,E06000052,Cornwall,1664,66,92,83,111,70,79,89,85,80,149,108,124,118,107,106,84,59,54
E01018782,Cornwall 012B,11858.0,Cornwall,Rural,NHS Cornwall and the Isles of Scilly Integrated Care Board,E01018782,Cornwall 012B,E02003893,Cornwall 012,E06000052,Cornwall,1477,62,59,62,71,80,64,68,83,55,90,106,125,127,103,142,83,42,55
E01018779,Cornwall 013D,13130.0,Cornwall,Rural,NHS Cornwall and the Isles of Scilly Integrated Care Board,E01018779,Cornwall 013D,E02003894,Cornwall 013,E06000052,Cornwall,2289,74,90,121,141,74,84,90,103,123,155,198,194,203,164,189,154,72,60
E01018783,Cornwall 012C,13535.0,Cornwall,Rural,NHS Cornwall and the Isles of Scilly Integrated Care Board,E01018783,Cornwall 012C,E02003893,Cornwall 012,E06000052,Cornwall,1492,55,49,71,60,59,57,60,59,69,83,125,166,139,141,115,95,47,42
E01018750,Cornwall 013A,18263.0,Cornwall,Rural,NHS Cornwall and the Isles of Scilly Integrated Care Board,E01018750,Cornwall 013A,E02003894,Cornwall 013,E06000052,Cornwall,2261,79,111,112,102,97,102,91,114,102,141,191,208,158,160,164,135,91,103
E01018751,Cornwall 013B,5443.0,Cornwall,Rural,NHS Cornwall and the Isles of Scilly Integrated Care Board,E01018751,Cornwall 013B,E02003894,Cornwall 013,E06000052,Cornwall,1580,72,99,89,77,81,90,94,104,80,72,113,120,167,78,82,59,49,54
E01018756,Cornwall 010D,13322.0,Cornwall,Rural,NHS Cornwall and the Isles of Scilly Integrated Care Board,E01018756,Cornwall 010D,E02003892,Cornwall 010,E06000052,Cornwall,1555,35,54,69,75,46,37,37,42,58,97,122,170,157,140,172,130,60,54
E01018755,Cornwall 010C,18948.0,Cornwall,Rural,NHS Cornwall and the Isles of Scilly Integrated Care Board,E01018755,Cornwall 010C,E02003892,Cornwall 010,E06000052,Cornwall,1449,39,47,52,48,46,62,53,51,71,64,113,169,159,129,138,111,46,51
E01018954,Cornwall 008A,11274.0,Cornwall,Rural,NHS Cornwall and the Isles of Scilly Integrated Care Board,E01018954,Cornwall 008A,E02003938,Cornwall 008,E06000052,Cornwall,1605,117,147,123,91,51,77,103,138,152,115,110,81,81,56,58,59,29,17
E01018784,Cornwall 012D,9427.0,Cornwall,Rural,NHS Cornwall and the Isles of Scilly Integrated Care Board,E01018784,Cornwall 012D,E02003893,Cornwall 012,E06000052,Cornwall,1534,55,76,71,68,47,52,57,56,72,98,136,147,164,133,129,87,49,37
E01018752,Cornwall 013C,17741.0,Cornwall,Rural,NHS Cornwall and the Isles of Scilly Integrated Care Board,E01018752,Cornwall 013C,E02003894,Cornwall 013,E06000052,Cornwall,2146,104,99,131,94,95,117,130,125,102,141,142,164,146,146,163,112,82,53
E01018924,Cornwall 007A,11848.0,Cornwall,Rural,NHS Cornwall and the Isles of Scilly Integrated Care Board,E01018924,Cornwall 007A,E02003937,Cornwall 007,E06000052,Cornwall,1296,51,77,78,82,49,56,61,64,58,73,118,115,108,78,88,69,39,32
E01018956,Cornwall 008C,12564.0,Cornwall,Rural,NHS Cornwall and the Isles of Scilly Integrated Care Board,E01018956,Cornwall 008C,E02003938,Cornwall 008,E06000052,Cornwall,1066,33,47,56,36,41,49,47,59,56,49,62,117,96,90,74,79,40,35
E01018753,Cornwall 010A,17307.0,Cornwall,Rural,NHS Cornwall and the Isles of Scilly Integrated Care Board,E01018753,Cornwall 010A,E02003892,Cornwall 010,E06000052,Cornwall,1753,57,86,75,65,51,63,92,73,79,98,137,167,169,146,172,117,61,45
E01018754,Cornwall 010B,10851.0,Cornwall,Rural,NHS Cornwall and the Isles of Scilly Integrated Care Board,E01018754,Cornwall 010B,E02003892,Cornwall 010,E06000052,Cornwall,1886,100,121,109,97,71,101,131,109,91,96,109,155,143,166,118,71,44,54
E01018973,Cornwall 009D,16928.0,Cornwall,Rural,NHS Cornwall and the Isles of Scilly Integrated Care Board,E01018973,Cornwall 009D,E02003939,Cornwall 009,E06000052,Cornwall,1513,62,74,96,81,54,82,78,97,104,95,102,87,102,90,115,92,55,47
E01018972,Cornwall 009C,13666.0,Cornwall,Rural,NHS Cornwall and the Isles of Scilly Integrated Care Board,E01018972,Cornwall 009C,E02003939,Cornwall 009,E06000052,Cornwall,1761,77,91,89,82,89,118,101,94,95,108,117,111,97,112,126,97,77,80
E01018971,Cornwall 009B,22922.0,Cornwall,Rural,NHS Cornwall and the Isles of Scilly Integrated Care Board,E01018971,Cornwall 009B,E02003939,Cornwall 009,E06000052,Cornwall,1899,59,74,98,114,66,58,59,86,111,122,130,157,122,138,160,132,94,119
E01018970,Cornwall 009A,25130.0,Cornwall,Rural,NHS Cornwall and the Isles of Scilly Integrated Care Board,E01018970,Cornwall 009A,E02003939,Cornwall 009,E06000052,Cornwall,1633,64,101,101,77,52,93,71,80,98,86,129,137,108,106,119,91,59,61
E01018926,Cornwall 011B,11670.0,Cornwall,Rural,NHS Cornwall and the Isles of Scilly Integrated Care Board,E01018926,Cornwall 011B,E02003940,Cornwall 011,E06000052,Cornwall,2496,64,100,117,107,94,88,87,103,103,136,208,261,243,248,227,158,86,66
E01018777,Cornwall 012A,12248.0,Cornwall,Rural,NHS Cornwall and the Isles of Scilly Integrated Care Board,E01018777,Cornwall 012A,E02003893,Cornwall 012,E06000052,Cornwall,2104,90,88,107,92,73,70,84,75,95,126,149,215,198,188,183,142,61,68
E01018967,Cornwall 006E,14488.0,Cornwall,Rural,NHS Cornwall and the Isles of Scilly Integrated Care Board,E01018967,Cornwall 006E,E02003936,Cornwall 006,E06000052,Cornwall,1322,32,54,59,116,53,42,31,50,47,79,111,129,123,117,109,83,42,45
E01018955,Cornwall 008B,14541.0,Cornwall,Rural,NHS Cornwall and the Isles of Scilly Integrated Care Board,E01018955,Cornwall 008B,E02003938,Cornwall 008,E06000052,Cornwall,1590,77,97,86,69,65,76,62,100,86,106,117,103,109,95,123,86,79,54
E01018923,Cornwall 011A,15748.0,Cornwall,Rural,NHS Cornwall and the Isles of Scilly Integrated Care Board,E01018923,Cornwall 011A,E02003940,Cornwall 011,E06000052,Cornwall,1405,54,76,70,66,47,68,73,68,70,56,129,113,112,101,122,82,50,48
E01018958,Cornwall 008E,11350.0,Cornwall,Rural,NHS Cornwall and the Isles of Scilly Integrated Care Board,E01018958,Cornwall 008E,E02003938,Cornwall 008,E06000052,Cornwall,1004,28,48,42,42,49,36,31,50,52,65,65,66,82,94,92,61,41,60
E01018957,Cornwall 008D,16707.0,Cornwall,Rural,NHS Cornwall and the Isles of Scilly Integrated Care Board,E01018957,Cornwall 008D,E02003938,Cornwall 008,E06000052,Cornwall,1515,73,83,66,72,70,91,97,97,96,95,92,106,116,105,109,79,35,33
E01018966,Cornwall 006D,16110.0,Cornwall,Rural,NHS Cornwall and the Isles of Scilly Integrated Care Board,E01018966,Cornwall 006D,E02003936,Cornwall 006,E06000052,Cornwall,1085,33,41,59,36,35,39,35,38,51,61,75,106,131,106,118,59,26,36
E01033289,Cornwall 007E,14501.0,Cornwall,Rural,NHS Cornwall and the Isles of Scilly Integrated Care Board,E01033289,Cornwall 007E,E02003937,Cornwall 007,E06000052,Cornwall,2043,58,93,119,95,67,57,66,107,127,129,105,163,140,150,186,144,101,136
E01018962,Cornwall 007B,12296.0,Cornwall,Rural,NHS Cornwall and the Isles of Scilly Integrated Care Board,E01018962,Cornwall 007B,E02003937,Cornwall 007,E06000052,Cornwall,1936,65,98,101,99,59,66,79,95,103,109,148,154,162,140,179,132,80,67
E01018925,Cornwall 006A,9678.0,Cornwall,Rural,NHS Cornwall and the Isles of Scilly Integrated Care Board,E01018925,Cornwall 006A,E02003936,Cornwall 006,E06000052,Cornwall,2229,66,99,115,99,68,72,91,98,106,137,195,203,193,170,217,145,78,77
E01018965,Cornwall 006C,11408.0,Cornwall,Rural,NHS Cornwall and the Isles of Scilly Integrated Care Board,E01018965,Cornwall 006C,E02003936,Cornwall 006,E06000052,Cornwall,2451,87,110,120,98,71,91,122,108,98,150,178,226,229,175,224,169,99,96
E01018940,Cornwall 003A,14805.0,Cornwall,Rural,NHS Cornwall and the Isles of Scilly Integrated Care Board,E01018940,Cornwall 003A,E02003933,Cornwall 003,E06000052,Cornwall,1620,52,85,96,67,55,65,85,72,67,104,105,124,147,132,128,112,70,54
E01033292,Cornwall 004E,4945.0,Cornwall,Rural,NHS Cornwall and the Isles of Scilly Integrated Care Board,E01033292,Cornwall 004E,E02003934,Cornwall 004,E06000052,Cornwall,1545,103,116,134,112,82,75,99,107,75,108,103,94,84,75,82,46,26,24
E01033291,Cornwall 004D,13005.0,Cornwall,Rural,NHS Cornwall and the Isles of Scilly Integrated Care Board,E01033291,Cornwall 004D,E02003934,Cornwall 004,E06000052,Cornwall,1825,90,95,111,78,91,70,63,93,96,108,115,125,129,125,179,122,74,61
E01034848,Cornwall 005G,,Cornwall,Urban,NHS Cornwall and the Isles of Scilly Integrated Care Board,E01034848,Cornwall 005G,E02003935,Cornwall 005,E06000052,Cornwall,2137,141,176,149,106,96,107,164,162,142,114,154,126,107,90,89,73,52,89
E01018946,Cornwall 005A,15719.0,Cornwall,Urban,NHS Cornwall and the Isles of Scilly Integrated Care Board,E01018946,Cornwall 005A,E02003935,Cornwall 005,E06000052,Cornwall,1501,57,93,83,67,68,65,65,71,66,88,103,114,97,114,110,115,66,59
E01034847,Cornwall 005F,,Cornwall,Urban,NHS Cornwall and the Isles of Scilly Integrated Care Board,E01034847,Cornwall 005F,E02003935,Cornwall 005,E06000052,Cornwall,1822,132,134,125,106,85,116,172,129,109,146,125,104,80,83,73,47,30,26
E01018950,Cornwall 005E,11253.0,Cornwall,Urban,NHS Cornwall and the Isles of Scilly Integrated Care Board,E01018950,Cornwall 005E,E02003935,Cornwall 005,E06000052,Cornwall,1688,76,88,89,80,104,120,112,106,112,102,122,130,94,84,84,59,63,63
E01018948,Cornwall 005C,13141.0,Cornwall,Urban,NHS Cornwall and the Isles of Scilly Integrated Care Board,E01018948,Cornwall 005C,E02003935,Cornwall 005,E06000052,Cornwall,1704,65,76,77,107,92,67,65,85,101,73,147,245,123,91,114,86,53,37
E01018949,Cornwall 005D,4776.0,Cornwall,Urban,NHS Cornwall and the Isles of Scilly Integrated Care Board,E01018949,Cornwall 005D,E02003935,Cornwall 005,E06000052,Cornwall,1392,90,110,118,84,76,63,105,92,92,77,97,87,71,61,62,28,31,48
E01018941,Cornwall 003B,10874.0,Cornwall,Rural,NHS Cornwall and the Isles of Scilly Integrated Care Board,E01018941,Cornwall 003B,E02003933,Cornwall 003,E06000052,Cornwall,1647,65,107,115,77,59,70,89,87,89,99,111,142,152,119,124,69,36,37
E01018952,Cornwall 006B,10928.0,Cornwall,Rural,NHS Cornwall and the Isles of Scilly Integrated Care Board,E01018952,Cornwall 006B,E02003936,Cornwall 006,E06000052,Cornwall,1238,39,50,54,58,47,44,61,56,65,72,81,116,104,91,113,94,49,44
E01018968,Cornwall 004C,10268.0,Cornwall,Rural,NHS Cornwall and the Isles of Scilly Integrated Care Board,E01018968,Cornwall 004C,E02003934,Cornwall 004,E06000052,Cornwall,2530,95,117,127,109,110,86,100,99,108,153,179,237,244,235,244,138,74,75
E01018942,Cornwall 003C,10473.0,Cornwall,Rural,NHS Cornwall and the Isles of Scilly Integrated Care Board,E01018942,Cornwall 003C,E02003933,Cornwall 003,E06000052,Cornwall,1481,27,54,75,56,48,44,41,48,78,95,159,131,154,115,133,97,77,49
E01018953,Cornwall 004B,8356.0,Cornwall,Rural,NHS Cornwall and the Isles of Scilly Integrated Care Board,E01018953,Cornwall 004B,E02003934,Cornwall 004,E06000052,Cornwall,1283,48,59,73,51,44,35,44,53,68,68,106,124,117,99,118,63,52,61
E01018969,Cornwall 003D,11913.0,Cornwall,Rural,NHS Cornwall and the Isles of Scilly Integrated Care Board,E01018969,Cornwall 003D,E02003933,Cornwall 003,E06000052,Cornwall,2250,65,97,86,84,75,60,99,73,95,154,167,209,227,225,219,159,84,72
E01018974,Cornwall 002C,8403.0,Cornwall,Rural,NHS Cornwall and the Isles of Scilly Integrated Care Board,E01018974,Cornwall 002C,E02003932,Cornwall 002,E06000052,Cornwall,2708,135,153,163,97,86,95,142,139,145,157,178,205,254,218,224,143,78,96
E01018951,Cornwall 002B,10912.0,Cornwall,Rural,NHS Cornwall and the Isles of Scilly Integrated Care Board,E01018951,Cornwall 002B,E02003932,Cornwall 002,E06000052,Cornwall,2425,91,153,120,91,90,113,92,114,124,121,175,209,215,205,197,127,95,93
E01018938,Cornwall 001C,13971.0,Cornwall,Rural,NHS Cornwall and the Isles of Scilly Integrated Care Board,E01018938,Cornwall 001C,E02003931,Cornwall 001,E06000052,Cornwall,1641,47,59,89,73,41,47,61,61,81,93,84,135,136,135,153,124,128,94
E01018960,Cornwall 001E,16037.0,Cornwall,Rural,NHS Cornwall and the Isles of Scilly Integrated Care Board,E01018960,Cornwall 001E,E02003931,Cornwall 001,E06000052,Cornwall,2435,143,175,185,162,97,132,141,133,163,151,117,162,158,165,147,99,56,49
E01018937,Cornwall 001B,8452.0,Cornwall,Rural,NHS Cornwall and the Isles of Scilly Integrated Care Board,E01018937,Cornwall 001B,E02003931,Cornwall 001,E06000052,Cornwall,2084,114,143,162,129,96,111,133,119,137,136,133,139,127,113,122,78,52,40
E01018936,Cornwall 001A,15673.0,Cornwall,Rural,NHS Cornwall and the Isles of Scilly Integrated Care Board,E01018936,Cornwall 001A,E02003931,Cornwall 001,E06000052,Cornwall,1585,45,64,76,68,79,90,81,83,84,99,134,104,109,81,122,86,80,100
E01018959,Cornwall 001D,16351.0,Cornwall,Rural,NHS Cornwall and the Isles of Scilly Integrated Care Board,E01018959,Cornwall 001D,E02003931,Cornwall 001,E06000052,Cornwall,1433,43,64,55,40,37,42,51,49,67,71,83,100,134,153,151,112,85,96
E01018961,Cornwall 001F,11786.0,Cornwall,Rural,NHS Cornwall and the Isles of Scilly Integrated Care Board,E01018961,Cornwall 001F,E02003931,Cornwall 001,E06000052,Cornwall,1414,60,73,65,72,42,50,70,65,71,93,95,115,103,128,121,79,47,65
E01018943,Cornwall 002A,12514.0,Cornwall,Rural,NHS Cornwall and the Isles of Scilly Integrated Care Board,E01018943,Cornwall 002A,E02003932,Cornwall 002,E06000052,Cornwall,2373,100,140,159,131,79,78,133,126,133,128,155,181,203,192,162,134,62,77
